filename;TotalPeopleInBurst;MaximumChangeBurstLate;NumberOfChanges;MaxPeopleInBurst;TotalBurstSizeLate;NumberOfChangeBurstsLate;NumberOfChangesLate;NumberOfChangesEarly;MaxChurnInBurst;MaximumChangeBurstEarly;NumberOfChangeBurstsEarly;TimeFirstBurst;TotalChurnInBurst;ChurnTotal;MaximumChangeBurst;NumberOfConsecutiveChangesEarly;NumberOfConsecutiveChangesLate;TotalBurstSizeEarly;TotalBurstSize;TimeMaxBurst;NumberOfConsecutiveChanges;TimeLastBurst;NumberOfChangeBursts;PeopleTotal;
org.eclipse.ui.views.bookmarkexplorer;0;0;2;0;0;0;0;2;0;0;0;-1;0;4;0;1;0;0;0;-1;1;-1;0;1;
org.eclipse.update.internal.operations;0;0;11;0;0;0;2;9;0;0;0;-1;0;77;0;1;0;0;0;-1;1;-1;0;2;
org.eclipse.pde.internal.core.schema;0;0;5;0;0;0;2;3;0;0;0;-1;0;63;0;0;0;0;0;-1;0;-1;0;3;
org.eclipse.jdt.internal.compiler.classfmt;0;0;8;0;0;0;0;8;0;0;0;-1;0;39;0;0;0;0;0;-1;0;-1;0;4;
org.eclipse.jdt.internal.core.hierarchy;0;0;28;0;0;0;3;25;24;0;1;61;24;2;3;4;0;3;3;61;4;61;1;1;
org.eclipse.team.internal.ui.wizards;1;0;12;1;0;0;6;6;1413;0;1;987;1413;72;3;2;0;3;3;987;2;987;1;1;
org.eclipse.ui.externaltools.internal.program.launchConfigurations;0;0;13;0;0;0;0;13;0;0;0;-1;0;89;0;1;0;0;0;-1;1;-1;0;3;
org.eclipse.jdi;0;0;5;0;0;0;2;3;0;0;0;-1;0;0;0;1;0;0;0;-1;1;-1;0;0;
org.eclipse.debug.ui;0;0;12;0;0;0;2;10;0;0;0;-1;0;0;0;1;0;0;0;-1;1;-1;0;0;
org.eclipse.core.internal.localstore;0;0;4;0;0;0;1;3;0;0;0;-1;0;347;0;1;0;0;0;-1;1;-1;0;2;
org.eclipse.ui.internal.intro.impl.parts;0;0;7;0;0;0;7;0;0;0;0;-1;0;10;0;0;0;0;0;-1;0;-1;0;1;
org.eclipse.pde.internal.build.builder;0;0;18;0;0;0;1;17;0;0;0;-1;0;21;0;2;0;0;0;-1;2;-1;0;2;
org.eclipse.osgi.framework.eventmgr;0;0;5;0;0;0;1;4;0;0;0;-1;0;390;0;1;0;0;0;-1;1;-1;0;4;
org.eclipse.jdt.internal.junit.wizards;0;0;9;0;0;0;3;6;0;0;0;-1;0;2;0;1;0;0;0;-1;1;-1;0;2;
org.eclipse.core.resources.team;0;0;4;0;0;0;1;3;0;0;0;-1;0;84;0;1;0;0;0;-1;1;-1;0;1;
org.eclipse.search2.internal.ui.text;0;0;16;0;0;0;9;7;0;0;0;-1;0;4;0;0;1;0;0;-1;1;-1;0;1;
org.eclipse.update.core;0;0;5;0;0;0;2;3;0;0;0;-1;0;578;0;1;0;0;0;-1;1;-1;0;2;
org.eclipse.ui.externaltools.internal.launchConfigurations;0;0;35;0;0;0;3;32;0;0;0;-1;0;0;0;2;0;0;0;-1;2;-1;0;0;
org.eclipse.ui.commands;1;0;17;1;0;0;2;15;979;0;1;4952;979;373;3;2;0;3;3;4952;2;4952;1;3;
org.eclipse.debug.internal.core.sourcelookup.containers;2;0;7;2;0;0;1;6;121;3;2;3678;125;52;3;4;0;6;6;3678;4;4949;2;2;
org.eclipse.core.internal.indexing;0;0;3;0;0;0;1;2;0;0;0;-1;0;281;0;1;0;0;0;-1;1;-1;0;2;
org.eclipse.core.internal.plugins;0;0;9;0;0;0;3;6;0;0;0;-1;0;8;0;1;0;0;0;-1;1;-1;0;2;
org.eclipse.compare.internal;0;0;8;0;0;0;2;6;0;0;0;-1;0;0;0;0;0;0;0;-1;0;-1;0;1;
org.eclipse.compare.structuremergeviewer;0;0;3;0;0;0;0;3;0;0;0;-1;0;0;0;0;0;0;0;-1;0;-1;0;0;
org.eclipse.team.internal.ccvs.core.client;0;0;6;0;0;0;0;6;0;0;0;-1;0;11;0;0;0;0;0;-1;0;-1;0;1;
org.eclipse.jdt.core;0;0;14;0;0;0;2;12;0;0;0;-1;0;12;0;0;0;0;0;-1;0;-1;0;1;
org.eclipse.swt.ole.win32;0;0;5;0;0;0;2;3;0;0;0;-1;0;0;0;0;0;0;0;-1;0;-1;0;0;
org.eclipse.jdt.internal.debug.ui.jres;0;0;9;0;0;0;0;9;110;0;1;1035;110;20;4;4;0;4;4;1035;4;1035;1;2;
org.eclipse.jface.text.templates.persistence;0;0;5;0;0;0;2;3;0;0;0;-1;0;0;0;1;0;0;0;-1;1;-1;0;0;
org.eclipse.search.internal.ui;0;0;10;0;0;0;4;6;0;0;0;-1;0;2;0;0;0;0;0;-1;0;-1;0;1;
org.eclipse.jdt.internal.ui.javaeditor.selectionactions;0;0;4;0;0;0;3;1;0;0;0;-1;0;0;0;0;0;0;0;-1;0;-1;0;0;
org.eclipse.pde.internal.ui.preferences;0;0;16;0;0;0;8;8;0;0;0;-1;0;14;0;0;1;0;0;-1;1;-1;0;2;
org.eclipse.jdt.internal.formatter;0;0;6;0;0;0;0;6;0;0;0;-1;0;28;0;1;0;0;0;-1;1;-1;0;3;
org.eclipse.jdt.internal.corext.dom.fragments;0;0;6;0;0;0;3;3;0;0;0;-1;0;9;0;1;0;0;0;-1;1;-1;0;2;
org.eclipse.compare.contentmergeviewer;0;0;2;0;0;0;0;2;0;0;0;-1;0;2;0;0;0;0;0;-1;0;-1;0;1;
org.eclipse.team.internal.ui.preferences;0;0;6;0;0;0;1;5;464;0;1;987;464;0;3;2;0;3;3;987;2;987;1;0;
org.eclipse.jdt.internal.debug.eval.ast.engine;0;0;3;0;0;0;0;3;0;0;0;-1;0;0;0;0;0;0;0;-1;0;-1;0;0;
org.eclipse.team.internal.ccvs.ui.subscriber;0;0;19;0;0;0;3;16;0;0;0;-1;0;378;0;1;0;0;0;-1;1;-1;0;2;
org.eclipse.pde.internal.ui.parts;0;0;4;0;0;0;2;2;0;0;0;-1;0;108;0;0;0;0;0;-1;0;-1;0;2;
org.eclipse.search.internal.ui.util;0;0;9;0;0;0;3;6;0;0;0;-1;0;2;0;1;0;0;0;-1;1;-1;0;1;
org.eclipse.swt.program;0;0;14;0;0;0;4;10;0;0;0;-1;0;1248;0;2;1;0;0;-1;3;-1;0;4;
org.eclipse.debug.internal.core;0;0;22;0;0;0;7;15;66;0;1;1657;66;45;3;4;1;3;3;1657;5;1657;1;4;
org.osgi.service.prefs;0;0;2;0;0;0;2;0;0;0;0;-1;0;0;0;0;1;0;0;-1;1;-1;0;0;
org.osgi.service.url;0;0;3;0;0;0;1;2;0;0;0;-1;0;0;0;1;0;0;0;-1;1;-1;0;0;
org.eclipse.jface.text.link;0;0;7;0;0;0;4;3;0;0;0;-1;0;0;0;1;0;0;0;-1;1;-1;0;0;
org.eclipse.jdt.internal.codeassist.select;0;0;8;0;0;0;0;8;0;0;0;-1;0;0;0;1;0;0;0;-1;1;-1;0;0;
org.eclipse.ui.forms.widgets;0;0;12;0;0;0;1;11;0;0;0;-1;0;134;0;1;0;0;0;-1;1;-1;0;2;
org.eclipse.team.internal.ui.registry;0;0;6;0;0;0;2;4;0;0;0;-1;0;0;0;1;0;0;0;-1;1;-1;0;0;
org.eclipse.help;0;0;11;0;0;0;3;8;0;0;0;-1;0;146;0;0;0;0;0;-1;0;-1;0;1;
org.eclipse.update.internal.search;0;0;10;0;0;0;2;8;0;0;0;-1;0;23;0;2;0;0;0;-1;2;-1;0;3;
org.eclipse.jdt.internal.eval;0;0;8;0;0;0;1;7;0;0;0;-1;0;2;0;1;0;0;0;-1;1;-1;0;1;
org.eclipse.jdt.internal.debug.core;0;0;8;0;0;0;1;7;0;0;0;-1;0;0;0;0;0;0;0;-1;0;-1;0;0;
org.eclipse.pde.internal.ui.model.plugin;0;0;11;0;0;0;6;5;0;0;0;-1;0;14;0;1;1;0;0;-1;2;-1;0;2;
org.eclipse.osgi.service.pluginconversion;0;0;3;0;0;0;3;0;0;0;0;-1;0;0;0;0;1;0;0;-1;1;-1;0;0;
org.eclipse.jdt.core.search;0;0;10;0;0;0;2;8;0;0;0;-1;0;88;0;1;0;0;0;-1;1;-1;0;3;
org.eclipse.jdt.internal.ui.preferences;1;0;60;1;0;0;16;44;170;3;2;2396;219;305;3;5;3;6;6;2396;8;3955;2;2;
org.eclipse.jdt.internal.debug.ui.breakpoints;0;0;2;0;0;0;0;2;0;0;0;-1;0;0;0;1;0;0;0;-1;1;-1;0;0;
org.eclipse.pde.internal.core.plugin;0;0;21;0;0;0;5;16;0;0;0;-1;0;310;0;0;0;0;0;-1;0;-1;0;3;
org.eclipse.ui.contentassist;0;0;8;0;5;1;8;0;36;0;0;5177;36;0;5;0;4;0;5;5177;4;5177;1;0;
org.eclipse.jdt.internal.core.dom.rewrite;0;0;6;0;0;0;2;4;0;0;0;-1;0;393;0;1;0;0;0;-1;1;-1;0;3;
org.eclipse.ui.themes;0;0;2;0;0;0;1;1;0;0;0;-1;0;0;0;0;0;0;0;-1;0;-1;0;0;
org.eclipse.jdt.internal.ui.text.folding;0;0;3;0;0;0;3;0;0;0;0;-1;0;6;0;0;1;0;0;-1;1;-1;0;1;
org.eclipse.jdt.internal.ui.refactoring.nls.search;0;0;9;0;0;0;5;4;0;0;0;-1;0;91;0;1;0;0;0;-1;1;-1;0;5;
org.eclipse.pde.internal.build.tasks;0;0;9;0;0;0;1;8;0;0;0;-1;0;163;0;1;0;0;0;-1;1;-1;0;2;
org.eclipse.ui.internal.texteditor.quickdiff.compare.rangedifferencer;0;0;5;0;0;0;2;3;0;0;0;-1;0;38;0;1;0;0;0;-1;1;-1;0;3;
org.eclipse.jdt.internal.ui.refactoring.contentassist;2;0;18;2;0;0;5;13;183;0;1;3667;183;422;3;4;1;3;3;3667;5;3667;1;3;
org.eclipse.pde.internal.ui.view;0;0;8;0;0;0;3;5;0;0;0;-1;0;28;0;1;0;0;0;-1;1;-1;0;2;
org.eclipse.ui.texteditor.templates;0;0;5;0;0;0;3;2;0;0;0;-1;0;0;0;1;0;0;0;-1;1;-1;0;0;
org.eclipse.pde.internal.runtime.registry;0;0;5;0;0;0;1;4;0;0;0;-1;0;194;0;0;0;0;0;-1;0;-1;0;2;
org.eclipse.core.runtime.jobs;0;0;24;0;0;0;5;19;0;0;0;-1;0;0;0;1;0;0;0;-1;1;-1;0;0;
org.eclipse.ant.internal.ui.editor.formatter;1;0;13;1;0;0;6;7;154;0;1;3916;154;145;3;2;0;3;3;3916;2;3916;1;1;
org.eclipse.jdt.internal.ui.wizards.dialogfields;0;0;4;0;0;0;2;2;0;0;0;-1;0;2;0;0;0;0;0;-1;0;-1;0;1;
org.eclipse.team.internal.ui.synchronize.actions;0;0;6;0;0;0;1;5;0;0;0;-1;0;0;0;1;0;0;0;-1;1;-1;0;0;
org.eclipse.help.internal.search;0;0;10;0;0;0;3;7;0;0;0;-1;0;53;0;1;0;0;0;-1;1;-1;0;1;
org.eclipse.team.internal.ccvs.ui.merge;0;0;4;0;0;0;0;4;0;0;0;-1;0;0;0;1;0;0;0;-1;1;-1;0;0;
org.eclipse.team.internal.ui;0;0;10;0;0;0;4;6;0;0;0;-1;0;0;0;0;0;0;0;-1;0;-1;0;0;
org.eclipse.help.browser;0;0;4;0;0;0;2;2;0;0;0;-1;0;0;0;0;0;0;0;-1;0;-1;0;0;
org.eclipse.debug.ui.sourcelookup;0;0;3;0;0;0;0;3;0;0;0;-1;0;36;0;1;0;0;0;-1;1;-1;0;2;
org.eclipse.ui.internal.commands;1;0;33;1;0;0;1;32;238;0;1;1417;238;4003;3;6;0;3;3;1417;6;1417;1;3;
org.eclipse.team.internal.core;0;0;8;0;0;0;3;5;0;0;0;-1;0;293;0;0;0;0;0;-1;0;-1;0;2;
org.eclipse.pde.internal.ui.editor.plugin.rows;0;0;9;0;0;0;9;0;0;0;0;-1;0;0;0;0;2;0;0;-1;2;-1;0;0;
org.eclipse.jdt.launching.sourcelookup.containers;0;0;3;0;0;0;0;3;0;0;0;-1;0;0;0;1;0;0;0;-1;1;-1;0;0;
org.eclipse.search2.internal.ui;0;0;36;0;4;1;18;18;49;0;0;5401;49;0;4;2;4;0;4;5401;6;5401;1;0;
org.eclipse.jdt.internal.ui.filters;0;0;5;0;0;0;1;4;0;0;0;-1;0;118;0;0;0;0;0;-1;0;-1;0;3;
org.eclipse.ui.internal.ide.misc;0;0;2;0;0;0;0;2;0;0;0;-1;0;28;0;1;0;0;0;-1;1;-1;0;4;
org.eclipse.pde.internal.ui.editor.plugin;0;0;4;0;0;0;4;0;0;0;0;-1;0;44;0;0;1;0;0;-1;1;-1;0;2;
org.eclipse.ui.internal.misc;0;0;9;0;0;0;2;7;0;0;0;-1;0;0;0;0;0;0;0;-1;0;-1;0;0;
org.eclipse.jdt.internal.corext.refactoring.structure;0;0;55;0;0;0;12;43;0;0;0;-1;0;2;0;4;2;0;0;-1;6;-1;0;2;
org.eclipse.jdt.internal.compiler.env;0;0;5;0;0;0;0;5;0;0;0;-1;0;2;0;1;0;0;0;-1;1;-1;0;1;
org.eclipse.jdt.internal.compiler.lookup;0;0;17;0;0;0;1;16;77;3;2;10;140;2;3;6;0;6;6;10;6;1285;2;1;
org.eclipse.help.internal.model;0;0;3;0;0;0;1;2;0;0;0;-1;0;0;0;1;0;0;0;-1;1;-1;0;0;
org.eclipse.jdt.internal.compiler.util;0;0;4;0;0;0;0;4;0;0;0;-1;0;30;0;1;0;0;0;-1;1;-1;0;2;
org.eclipse.osgi.framework.stats;0;0;4;0;0;0;2;2;0;0;0;-1;0;0;0;1;0;0;0;-1;1;-1;0;0;
org.eclipse.core.internal.refresh;0;0;7;0;0;0;2;5;0;0;0;-1;0;0;0;1;0;0;0;-1;1;-1;0;0;
org.eclipse.help.internal.webapp.servlet;0;0;9;0;0;0;3;6;0;0;0;-1;0;417;0;0;0;0;0;-1;0;-1;0;1;
org.eclipse.jdt.internal.ui.typehierarchy;0;0;18;0;0;0;2;16;0;0;0;-1;0;2;0;2;0;0;0;-1;2;-1;0;1;
org.eclipse.ui.internal.commands.ws;0;0;3;0;0;0;1;2;0;0;0;-1;0;42;0;1;0;0;0;-1;1;-1;0;3;
org.eclipse.update.internal.configurator;0;0;20;0;0;0;1;19;0;0;0;-1;0;13;0;2;0;0;0;-1;2;-1;0;1;
org.eclipse.ui.internal.progress;0;0;29;0;0;0;2;27;0;0;0;-1;0;128;0;5;0;0;0;-1;5;-1;0;2;
org.eclipse.jdt.internal.junit.ui;0;0;7;0;0;0;1;6;0;0;0;-1;0;8;0;0;0;0;0;-1;0;-1;0;3;
org.eclipse.ant.internal.ui.views.actions;0;0;5;0;0;0;2;3;0;0;0;-1;0;0;0;1;0;0;0;-1;1;-1;0;1;
org.eclipse.jdt.internal.debug.core.refactoring;0;0;10;0;0;0;2;8;0;0;0;-1;0;206;0;1;0;0;0;-1;1;-1;0;3;
org.eclipse.jdt.internal.compiler.problem;0;0;15;0;0;0;1;14;0;0;0;-1;0;0;0;1;0;0;0;-1;1;-1;0;0;
org.eclipse.ui.branding;0;0;3;0;0;0;2;1;0;0;0;-1;0;23;0;0;0;0;0;-1;0;-1;0;2;
org.eclipse.search.ui.text;0;0;7;0;0;0;5;2;0;0;0;-1;0;0;0;0;0;0;0;-1;0;-1;0;0;
org.eclipse.ui.editors.text;0;0;13;0;0;0;3;10;0;0;0;-1;0;49;0;0;0;0;0;-1;0;-1;0;2;
org.eclipse.ui.internal.actions;0;0;4;0;0;0;2;2;0;0;0;-1;0;0;0;0;1;0;0;-1;1;-1;0;0;
org.eclipse.ui.wizards.newresource;0;0;4;0;0;0;0;4;0;0;0;-1;0;0;0;1;0;0;0;-1;1;-1;0;1;
org.eclipse.jface.text.templates;0;0;9;0;0;0;4;5;0;0;0;-1;0;335;0;1;0;0;0;-1;1;-1;0;3;
org.eclipse.jdi.internal.spy;0;0;3;0;0;0;0;3;0;0;0;-1;0;0;0;0;0;0;0;-1;0;-1;0;0;
org.eclipse.jface.action;0;0;26;0;0;0;5;21;0;0;0;-1;0;480;0;3;1;0;0;-1;4;-1;0;6;
org.eclipse.pde.internal.core.ifeature;0;0;4;0;0;0;2;2;0;0;0;-1;0;21;0;1;0;0;0;-1;1;-1;0;2;
org.eclipse.team.internal.core.streams;0;0;5;0;0;0;1;4;0;0;0;-1;0;41;0;1;0;0;0;-1;1;-1;0;2;
org.eclipse.team.internal.ccvs.ui.operations;0;0;14;0;0;0;3;11;0;0;0;-1;0;128;0;1;0;0;0;-1;1;-1;0;2;
org.eclipse.jdt.internal.compiler;0;0;12;0;0;0;1;11;0;0;0;-1;0;0;0;0;0;0;0;-1;0;-1;0;0;
org.eclipse.jdt.internal.codeassist;0;0;23;0;0;0;0;23;0;0;0;-1;0;2;0;1;0;0;0;-1;1;-1;0;1;
org.eclipse.swt.internal.carbon;0;0;27;0;0;0;3;24;0;0;0;-1;0;140;0;2;1;0;0;-1;3;-1;0;2;
org.eclipse.ui.internal.ide.update;0;0;1;0;0;0;1;0;0;0;0;-1;0;0;0;0;0;0;0;-1;0;-1;0;0;
org.eclipse.ui.internal.gestures;0;0;3;0;0;0;0;3;0;0;0;-1;0;0;0;1;0;0;0;-1;1;-1;0;1;
org.eclipse.update.internal.ui.model;0;0;9;0;0;0;0;9;0;0;0;-1;0;4;0;1;0;0;0;-1;1;-1;0;1;
com.sun.jdi;0;0;2;0;0;0;0;2;0;0;0;-1;0;4;0;1;0;0;0;-1;1;-1;0;1;
org.eclipse.ui.texteditor.quickdiff;0;0;6;0;0;0;4;2;0;0;0;-1;0;0;0;1;1;0;0;-1;2;-1;0;0;
org.eclipse.swt.internal.motif;0;0;5;0;0;0;0;5;0;0;0;-1;0;20;0;1;0;0;0;-1;1;-1;0;2;
org.eclipse.core.internal.model;0;0;6;0;0;0;4;2;0;0;0;-1;0;61;0;1;0;0;0;-1;1;-1;0;3;
org.eclipse.ant.internal.core;0;0;9;0;0;0;1;8;0;0;0;-1;0;0;0;0;0;0;0;-1;0;-1;0;0;
org.eclipse.swt.internal.ole.win32;0;0;3;0;0;0;0;3;0;0;0;-1;0;10;0;0;0;0;0;-1;0;-1;0;2;
org.eclipse.update.internal.ui;0;0;14;0;0;0;0;14;0;0;0;-1;0;0;0;2;0;0;0;-1;2;-1;0;0;
org.eclipse.swt.events;0;0;5;0;0;0;1;4;0;0;0;-1;0;0;0;1;0;0;0;-1;1;-1;0;0;
org.eclipse.jdt.internal.ui.text.template.preferences;0;0;6;0;0;0;3;3;0;0;0;-1;0;0;0;1;0;0;0;-1;1;-1;0;0;
org.eclipse.help.ui.internal.search;0;0;9;0;0;0;2;7;486;0;1;1738;486;0;3;3;0;3;3;1738;3;1738;1;0;
org.eclipse.help.internal.context;0;0;8;0;0;0;2;6;0;0;0;-1;0;247;0;0;0;0;0;-1;0;-1;0;1;
org.eclipse.team.internal.ui.synchronize;0;0;10;0;0;0;1;9;0;0;0;-1;0;1418;0;1;0;0;0;-1;1;-1;0;2;
org.eclipse.jface.text.contentassist;1;0;17;1;3;1;4;13;556;0;0;6353;556;52;3;1;2;0;3;6353;3;6353;1;1;
org.eclipse.pde.internal.ui.wizards.templates;0;0;9;0;0;0;4;5;0;0;0;-1;0;185;0;0;1;0;0;-1;1;-1;0;3;
org.eclipse.pde.internal.ui.editor.build;0;0;15;0;0;0;3;12;466;0;1;1767;466;0;3;5;0;3;3;1767;5;1767;1;0;
org.eclipse.core.internal.expressions;0;0;4;0;0;0;1;3;0;0;0;-1;0;8;0;1;0;0;0;-1;1;-1;0;1;
org.eclipse.pde.internal.ui.editor.context;0;0;4;0;0;0;4;0;0;0;0;-1;0;0;0;0;1;0;0;-1;1;-1;0;0;
org.eclipse.osgi.service.datalocation;0;0;11;0;0;0;7;4;0;0;0;-1;0;0;0;0;1;0;0;-1;1;-1;0;0;
org.eclipse.jface.util;0;0;8;0;0;0;1;7;0;0;0;-1;0;0;0;1;0;0;0;-1;1;-1;0;0;
org.eclipse.jdt.internal.compiler.impl;0;0;14;0;0;0;1;13;0;0;0;-1;0;0;0;2;0;0;0;-1;2;-1;0;0;
org.eclipse.swt.widgets;0;0;15;0;0;0;2;13;334;0;1;16;334;551;3;4;0;3;3;16;4;16;1;5;
org.eclipse.ui.internal.activities;0;0;10;0;0;0;2;8;0;0;0;-1;0;440;0;1;0;0;0;-1;1;-1;0;4;
org.eclipse.ui.internal.intro.impl.model.loader;0;0;5;0;0;0;5;0;0;0;0;-1;0;0;0;0;1;0;0;-1;1;-1;0;0;
org.eclipse.jdt.internal.corext.dom;0;0;19;0;0;0;2;17;0;0;0;-1;0;399;0;1;0;0;0;-1;1;-1;0;4;
org.eclipse.ui.views.navigator;0;0;3;0;0;0;0;3;0;0;0;-1;0;37;0;1;0;0;0;-1;1;-1;0;4;
org.eclipse.osgi.framework.debug;0;0;8;0;0;0;4;4;0;0;0;-1;0;0;0;0;0;0;0;-1;0;-1;0;0;
org.eclipse.pde.ui.internal.samples;0;0;7;0;0;0;4;3;0;0;0;-1;0;0;0;1;0;0;0;-1;1;-1;0;0;
org.eclipse.team.internal.ui.actions;0;0;5;0;0;0;2;3;0;0;0;-1;0;0;0;0;0;0;0;-1;0;-1;0;0;
org.eclipse.ui.internal.texteditor;0;0;7;0;0;0;3;4;0;0;0;-1;0;0;0;1;0;0;0;-1;1;-1;0;0;
org.eclipse.jface.contentassist;0;0;5;0;0;0;5;0;0;0;0;-1;0;20;0;0;2;0;0;-1;2;-1;0;1;
org.eclipse.core.internal.preferences;0;0;18;0;0;0;6;12;4;0;1;4351;4;0;3;3;1;3;3;4351;4;4351;1;0;
org.eclipse.team.internal.ccvs.ssh;0;0;3;0;0;0;0;3;0;0;0;-1;0;8;0;1;0;0;0;-1;1;-1;0;1;
org.eclipse.jdt.internal.corext.refactoring.changes;0;0;8;0;0;0;2;6;0;0;0;-1;0;2;0;1;0;0;0;-1;1;-1;0;1;
org.eclipse.pde.core.build;0;0;4;0;0;0;2;2;0;0;0;-1;0;0;0;0;0;0;0;-1;0;-1;0;0;
org.eclipse.jdt.internal.ui.text;0;0;19;0;0;0;2;17;0;0;0;-1;0;205;0;0;0;0;0;-1;0;-1;0;3;
org.eclipse.ant.internal.ui.preferences;0;0;31;0;0;0;3;28;0;0;0;-1;0;424;0;4;0;0;0;-1;4;-1;0;1;
org.eclipse.osgi.framework.internal.protocol.reference;0;0;5;0;0;0;3;2;0;0;0;-1;0;0;0;0;0;0;0;-1;0;-1;0;0;
org.eclipse.swt.browser;0;0;8;0;0;0;1;7;0;0;0;-1;0;19;0;2;0;0;0;-1;2;-1;0;2;
org.eclipse.jdt.internal.ui.viewsupport;0;0;4;0;0;0;1;3;0;0;0;-1;0;6;0;1;0;0;0;-1;1;-1;0;2;
org.eclipse.jdt.internal.ui.util;0;0;3;0;0;0;1;2;0;0;0;-1;0;0;0;0;0;0;0;-1;0;-1;0;0;
org.eclipse.jdt.internal.corext.refactoring.sef;0;0;7;0;0;0;1;6;0;0;0;-1;0;0;0;0;0;0;0;-1;0;-1;0;0;
org.eclipse.osgi.framework.adaptor;0;0;5;0;0;0;2;3;0;0;0;-1;0;99;0;1;0;0;0;-1;1;-1;0;4;
org.eclipse.osgi.framework.internal.reliablefile;0;0;7;0;0;0;3;4;0;0;0;-1;0;0;0;1;0;0;0;-1;1;-1;0;0;
org.eclipse.jdt.core.dom.rewrite;0;0;12;0;0;0;5;7;0;0;0;-1;0;26;0;1;1;0;0;-1;2;-1;0;3;
org.eclipse.ant.core;0;0;16;0;0;0;2;14;0;0;0;-1;0;0;0;3;0;0;0;-1;3;-1;0;0;
org.eclipse.core.internal.registry;0;0;12;0;0;0;5;7;0;0;0;-1;0;0;0;1;0;0;0;-1;1;-1;0;0;
org.eclipse.jface.text.source;0;0;15;0;0;0;5;10;0;0;0;-1;0;207;0;0;1;0;0;-1;1;-1;0;3;
org.eclipse.jdt.internal.ui.search;0;0;9;0;0;0;1;8;0;0;0;-1;0;908;0;1;0;0;0;-1;1;-1;0;4;
org.eclipse.jdt.internal.ui.refactoring.reorg;0;0;12;0;0;0;1;11;0;0;0;-1;0;473;0;3;0;0;0;-1;3;-1;0;5;
org.eclipse.swt.layout;0;0;6;0;0;0;1;5;0;0;0;-1;0;0;0;1;0;0;0;-1;1;-1;0;0;
org.eclipse.pde.core;0;0;6;0;0;0;3;3;0;0;0;-1;0;39;0;1;0;0;0;-1;1;-1;0;2;
org.eclipse.jdt.internal.ui.macbundler;0;0;2;0;0;0;0;2;0;0;0;-1;0;0;0;1;0;0;0;-1;1;-1;0;1;
org.eclipse.ui.forms.editor;0;0;16;0;0;0;5;11;0;0;0;-1;0;0;0;1;0;0;0;-1;1;-1;0;0;
org.eclipse.swt.dnd;0;0;2;0;0;0;0;2;0;0;0;-1;0;223;0;1;0;0;0;-1;1;-1;0;5;
org.eclipse.ant.internal.ui.views.elements;0;0;2;0;0;0;0;2;0;0;0;-1;0;0;0;1;0;0;0;-1;1;-1;0;1;
org.eclipse.jdt.internal.debug.eval;0;0;0;0;0;0;0;0;0;0;0;-1;0;0;0;0;0;0;0;-1;0;-1;0;0;
org.eclipse.osgi.service.resolver;0;0;16;0;0;0;7;9;0;0;0;-1;0;0;0;1;0;0;0;-1;1;-1;0;0;
org.eclipse.jdt.internal.corext.util;0;0;9;0;0;0;1;8;0;0;0;-1;0;2;0;0;0;0;0;-1;0;-1;0;2;
org.eclipse.jface.text;0;0;5;0;0;0;2;3;0;0;0;-1;0;334;0;0;0;0;0;-1;0;-1;0;3;
org.eclipse.ui.internal.layout;0;0;2;0;0;0;0;2;0;0;0;-1;0;9;0;1;0;0;0;-1;1;-1;0;1;
org.eclipse.core.runtime;0;0;9;0;0;0;2;7;0;0;0;-1;0;0;0;0;0;0;0;-1;0;-1;0;0;
org.eclipse.ant.internal.ui.dtd;0;0;2;0;0;0;0;2;0;0;0;-1;0;0;0;1;0;0;0;-1;1;-1;0;1;
org.eclipse.jdt.ui;0;0;15;0;0;0;4;11;0;0;0;-1;0;7;0;1;0;0;0;-1;1;-1;0;2;
org.eclipse.jdt.debug.eval;0;0;2;0;0;0;2;0;0;0;0;-1;0;0;0;0;1;0;0;-1;1;-1;0;0;
org.eclipse.ui.views.framelist;0;0;2;0;0;0;0;2;0;0;0;-1;0;0;0;1;0;0;0;-1;1;-1;0;1;
org.eclipse.jdt.internal.compiler.flow;0;0;5;0;0;0;0;5;0;0;0;-1;0;0;0;1;0;0;0;-1;1;-1;0;0;
org.eclipse.ui.internal.intro.impl;0;0;15;0;0;0;15;0;0;0;0;-1;0;0;0;0;1;0;0;-1;1;-1;0;0;
org.eclipse.ui.help;0;0;2;0;0;0;0;2;0;0;0;-1;0;0;0;0;0;0;0;-1;0;-1;0;0;
org.eclipse.ui.forms;0;0;5;0;0;0;1;4;0;0;0;-1;0;217;0;1;0;0;0;-1;1;-1;0;1;
org.eclipse.pde.internal.core.ibundle;0;0;3;0;0;0;3;0;0;0;0;-1;0;0;0;0;1;0;0;-1;1;-1;0;0;
org.eclipse.ui.wizards.datatransfer;0;0;3;0;0;0;0;3;0;0;0;-1;0;83;0;1;0;0;0;-1;1;-1;0;3;
org.eclipse.jdt.internal.junit.runner;0;0;4;0;0;0;1;3;0;0;0;-1;0;30;0;1;0;0;0;-1;1;-1;0;2;
org.eclipse.search2.internal.ui.basic.views;0;0;5;0;0;0;2;3;0;0;0;-1;0;0;0;1;0;0;0;-1;1;-1;0;0;
org.eclipse.jdt.internal.corext;0;0;2;0;0;0;1;1;0;0;0;-1;0;0;0;0;0;0;0;-1;0;-1;0;0;
org.eclipse.ui.internal.ide.registry;0;0;2;0;0;0;0;2;0;0;0;-1;0;10;0;1;0;0;0;-1;1;-1;0;4;
org.eclipse.ui.keys;0;0;18;0;0;0;2;16;0;0;0;-1;0;0;0;2;0;0;0;-1;2;-1;0;0;
org.eclipse.core.runtime.content;0;0;13;0;0;0;9;4;0;0;0;-1;0;58;0;1;2;0;0;-1;3;-1;0;3;
org.eclipse.jdt.launching.sourcelookup;0;0;10;0;0;0;1;9;0;0;0;-1;0;0;0;1;0;0;0;-1;1;-1;0;0;
org.eclipse.jdt.core.formatter;0;0;8;0;0;0;1;7;11;0;1;2222;11;0;3;2;0;3;3;2222;2;2222;1;0;
org.eclipse.jdt.internal.debug.ui.launcher;0;0;12;0;0;0;1;11;0;0;0;-1;0;570;0;1;0;0;0;-1;1;-1;0;5;
org.eclipse.core.variables;0;0;2;0;0;0;0;2;0;0;0;-1;0;6;0;1;0;0;0;-1;1;-1;0;3;
org.eclipse.jdt.internal.ui.refactoring.nls;0;0;10;0;0;0;3;7;0;0;0;-1;0;54;0;0;1;0;0;-1;1;-1;0;3;
org.eclipse.ui.texteditor;0;0;14;0;0;0;3;11;0;0;0;-1;0;1229;0;0;0;0;0;-1;0;-1;0;4;
org.eclipse.team.internal.ccvs.core.connection;0;0;5;0;0;0;0;5;0;0;0;-1;0;8;0;0;0;0;0;-1;0;-1;0;1;
org.eclipse.pde.internal.runtime;0;0;10;0;0;0;2;8;0;0;0;-1;0;0;0;2;0;0;0;-1;2;-1;0;0;
org.eclipse.ui.internal.dialogs;0;0;15;0;0;0;7;8;0;0;0;-1;0;847;0;1;0;0;0;-1;1;-1;0;4;
org.eclipse.jdt.internal.codeassist.impl;0;0;12;0;0;0;0;12;0;0;0;-1;0;0;0;0;0;0;0;-1;0;-1;0;0;
org.eclipse.core.internal.dependencies;0;0;5;0;0;0;3;2;0;0;0;-1;0;226;0;1;0;0;0;-1;1;-1;0;4;
org.eclipse.jdt.internal.ui.text.javadoc;0;0;7;0;0;0;1;6;0;0;0;-1;0;45;0;0;0;0;0;-1;0;-1;0;5;
org.eclipse.update.internal.ui.preferences;0;0;12;0;0;0;3;9;159;0;1;962;159;0;3;2;0;3;3;962;2;962;1;0;
org.eclipse.pde.internal.core.isite;0;0;4;0;0;0;2;2;0;0;0;-1;0;25;0;0;0;0;0;-1;0;-1;0;2;
org.eclipse.ui.internal.cheatsheets.data;0;0;9;0;0;0;5;4;0;0;0;-1;0;880;0;1;0;0;0;-1;1;-1;0;1;
org.eclipse.debug.ui.console;0;0;3;0;0;0;0;3;0;0;0;-1;0;14;0;0;0;0;0;-1;0;-1;0;2;
org.eclipse.core.internal.content;0;0;10;0;0;0;5;5;0;0;0;-1;0;0;0;1;0;0;0;-1;1;-1;0;0;
org.eclipse.jdt.internal.core;0;0;12;0;0;0;0;12;0;0;0;-1;0;163;0;1;0;0;0;-1;1;-1;0;4;
org.eclipse.pde.internal.ui.wizards;0;0;8;0;0;0;2;6;0;0;0;-1;0;28;0;0;0;0;0;-1;0;-1;0;2;
org.eclipse.jdt.internal.compiler.ast;0;0;8;0;0;0;1;7;0;0;0;-1;0;378;0;1;0;0;0;-1;1;-1;0;4;
org.eclipse.ui.internal.ide.dialogs;0;0;2;0;0;0;0;2;0;0;0;-1;0;140;0;1;0;0;0;-1;1;-1;0;4;
org.eclipse.debug.internal.ui.stringsubstitution;0;0;10;0;0;0;0;10;0;0;0;-1;0;52;0;1;0;0;0;-1;1;-1;0;4;
org.eclipse.jdt.ui.actions;0;0;20;0;0;0;4;16;0;0;0;-1;0;13;0;2;0;0;0;-1;2;-1;0;2;
org.eclipse.help.internal.webapp.data;0;0;11;0;0;0;3;8;0;0;0;-1;0;48;0;3;0;0;0;-1;3;-1;0;1;
org.eclipse.swt.internal.accessibility.gtk;0;0;5;0;0;0;1;4;0;0;0;-1;0;92;0;1;0;0;0;-1;1;-1;0;4;
org.eclipse.pde.internal.ui.wizards.exports;0;0;16;0;0;0;4;12;0;0;0;-1;0;0;0;2;0;0;0;-1;2;-1;0;0;
org.eclipse.jdt.internal.debug.ui.display;0;0;13;0;0;0;3;10;0;0;0;-1;0;0;0;1;0;0;0;-1;1;-1;0;0;
com.sun.jdi.request;0;0;2;0;0;0;0;2;0;0;0;-1;0;0;0;0;0;0;0;-1;0;-1;0;0;
org.eclipse.team.internal.ccvs.core.client.listeners;0;0;6;0;0;0;2;4;0;0;0;-1;0;132;0;0;0;0;0;-1;0;-1;0;2;
org.eclipse.jdt.debug.ui;0;0;6;0;0;0;2;4;0;0;0;-1;0;0;0;0;0;0;0;-1;0;-1;0;0;
org.eclipse.osgi.framework.internal.core;0;0;14;0;0;0;5;9;0;0;0;-1;0;861;0;1;1;0;0;-1;2;-1;0;5;
org.eclipse.osgi.framework.log;0;0;4;0;0;0;2;2;0;0;0;-1;0;0;0;0;0;0;0;-1;0;-1;0;0;
org.eclipse.jdt.internal.corext.refactoring.code;0;0;36;0;0;0;10;26;300;0;1;1952;300;2;3;4;0;3;3;1952;4;1952;1;1;
org.eclipse.ui.internal.texteditor.quickdiff;0;0;6;0;0;0;2;4;0;0;0;-1;0;0;0;1;0;0;0;-1;1;-1;0;0;
org.eclipse.ant.internal.ui.dtd.schema;0;0;2;0;0;0;0;2;0;0;0;-1;0;0;0;1;0;0;0;-1;1;-1;0;0;
org.eclipse.jdt.debug.ui.launchConfigurations;0;0;9;0;0;0;2;7;0;0;0;-1;0;0;0;0;0;0;0;-1;0;-1;0;0;
org.eclipse.jdi.internal;0;0;7;0;0;0;0;7;0;0;0;-1;0;18;0;1;0;0;0;-1;1;-1;0;2;
org.eclipse.ui.views.contentoutline;0;0;3;0;0;0;3;0;0;0;0;-1;0;0;0;0;1;0;0;-1;1;-1;0;0;
org.eclipse.pde.internal.core.site;0;0;5;0;0;0;2;3;0;0;0;-1;0;32;0;0;0;0;0;-1;0;-1;0;3;
org.eclipse.jdt.internal.core.search.matching;0;0;28;0;0;0;2;26;0;0;0;-1;0;0;0;3;0;0;0;-1;3;-1;0;0;
org.eclipse.jdt.internal.debug.ui;0;0;7;0;0;0;1;6;0;0;0;-1;0;284;0;0;0;0;0;-1;0;-1;0;4;
org.eclipse.jdt.internal.ui;0;0;27;0;0;0;4;23;0;0;0;-1;0;2;0;1;0;0;0;-1;1;-1;0;1;
org.eclipse.pde.internal;0;0;4;0;0;0;2;2;0;0;0;-1;0;0;0;1;0;0;0;-1;1;-1;0;0;
org.eclipse.pde.internal.ui.editor.site;0;0;9;0;0;0;5;4;0;0;0;-1;0;20;0;0;1;0;0;-1;1;-1;0;2;
org.eclipse.ui.progress;0;0;11;0;0;0;5;6;0;0;0;-1;0;0;0;0;1;0;0;-1;1;-1;0;0;
org.eclipse.text.edits;0;0;6;0;0;0;1;5;0;0;0;-1;0;0;0;1;0;0;0;-1;1;-1;0;0;
org.eclipse.ant.internal.ui.model;0;0;21;0;0;0;3;18;0;0;0;-1;0;41;0;3;0;0;0;-1;3;-1;0;1;
org.eclipse.ui.internal.intro.impl.util;0;0;7;0;0;0;7;0;0;0;0;-1;0;98;0;0;1;0;0;-1;1;-1;0;1;
org.eclipse.jdt.internal.ui.dialogs;0;0;18;0;0;0;5;13;316;0;1;502;316;0;3;2;0;3;3;502;2;502;1;0;
org.eclipse.ant.internal.ui.editor.text;0;0;4;0;0;0;1;3;0;0;0;-1;0;153;0;1;0;0;0;-1;1;-1;0;1;
org.eclipse.ant.internal.ui.dtd.util;0;0;3;0;0;0;0;3;0;0;0;-1;0;17;0;1;0;0;0;-1;1;-1;0;1;
org.eclipse.ui.internal.cheatsheets.views;0;0;14;0;0;0;6;8;0;0;0;-1;0;202;0;1;0;0;0;-1;1;-1;0;1;
org.eclipse.pde.internal.ui.wizards.imports;0;0;22;0;0;0;5;17;0;0;0;-1;0;0;0;2;0;0;0;-1;2;-1;0;0;
org.eclipse.ui.part;0;0;4;0;0;0;1;3;0;0;0;-1;0;84;0;1;0;0;0;-1;1;-1;0;4;
org.osgi.service.packageadmin;0;0;3;0;0;0;1;2;0;0;0;-1;0;3;0;1;0;0;0;-1;1;-1;0;2;
org.eclipse.help.internal.base.util;0;0;8;0;0;0;4;4;0;0;0;-1;0;0;0;1;0;0;0;-1;1;-1;0;0;
org.eclipse.core.internal.utils;0;0;4;0;0;0;2;2;0;0;0;-1;0;59;0;0;0;0;0;-1;0;-1;0;1;
org.eclipse.pde.internal.core.build;0;0;6;0;0;0;2;4;0;0;0;-1;0;19;0;0;0;0;0;-1;0;-1;0;1;
org.eclipse.pde.internal.ui.elements;0;0;2;0;0;0;2;0;0;0;0;-1;0;6;0;0;0;0;0;-1;0;-1;0;2;
org.eclipse.jface.preference;0;0;12;0;0;0;2;10;0;0;0;-1;0;39;0;2;0;0;0;-1;2;-1;0;2;
org.eclipse.jdt.launching;0;0;10;0;0;0;2;8;0;0;0;-1;0;0;0;0;0;0;0;-1;0;-1;0;0;
org.eclipse.core.expressions;0;0;4;0;0;0;1;3;0;0;0;-1;0;0;0;1;0;0;0;-1;1;-1;0;0;
org.eclipse.ant.internal.ui.launchConfigurations;0;0;16;0;0;0;6;10;0;0;0;-1;0;155;0;2;1;0;0;-1;3;-1;0;3;
org.eclipse.jdt.ui.wizards;0;0;8;0;0;0;3;5;0;0;0;-1;0;27;0;0;0;0;0;-1;0;-1;0;2;
org.eclipse.help.internal.protocols;0;0;9;0;0;0;3;6;0;0;0;-1;0;0;0;0;0;0;0;-1;0;-1;0;0;
org.eclipse.help.ui.internal.workingset;0;0;8;0;0;0;2;6;0;0;0;-1;0;546;0;2;0;0;0;-1;2;-1;0;1;
org.eclipse.jdt.internal.corext.refactoring.rename;0;0;36;0;0;0;10;26;0;0;0;-1;0;132;0;1;0;0;0;-1;1;-1;0;3;
org.eclipse.core.internal.dtree;0;0;3;0;0;0;1;2;0;0;0;-1;0;561;0;1;0;0;0;-1;1;-1;0;2;
org.eclipse.jdt.internal.ui.preferences.formatter;0;0;12;0;0;0;0;12;0;0;0;-1;0;26;0;1;0;0;0;-1;1;-1;0;1;
org.eclipse.core.internal.variables;0;0;6;0;0;0;1;5;0;0;0;-1;0;0;0;1;0;0;0;-1;1;-1;0;0;
org.eclipse.jface.wizard;0;0;5;0;0;0;0;5;0;0;0;-1;0;0;0;1;0;0;0;-1;1;-1;0;0;
org.eclipse.pde.internal.runtime.logview;0;0;29;0;0;0;2;27;1109;4;2;831;1149;0;4;7;0;7;7;831;7;1204;2;0;
org.eclipse.search.internal.core;0;0;1;0;0;0;1;0;0;0;0;-1;0;0;0;0;0;0;0;-1;0;-1;0;0;
org.eclipse.ant.internal.core.ant;0;0;19;0;0;0;2;17;0;0;0;-1;0;0;0;0;0;0;0;-1;0;-1;0;1;
org.eclipse.jdt.internal.ui.refactoring.code;0;0;14;0;0;0;4;10;0;0;0;-1;0;0;0;0;1;0;0;-1;1;-1;0;0;
org.eclipse.swt.internal.image;0;0;1;0;0;0;0;1;0;0;0;-1;0;0;0;0;0;0;0;-1;0;-1;0;1;
org.eclipse.debug.internal.ui.views.console;0;0;5;0;0;0;0;5;0;0;0;-1;0;2;0;1;0;0;0;-1;1;-1;0;2;
org.eclipse.core.boot;0;0;11;0;0;0;4;7;0;0;0;-1;0;0;0;1;1;0;0;-1;2;-1;0;0;
org.eclipse.ant.internal.ui.editor.utils;0;0;26;0;0;0;7;19;0;0;0;-1;0;0;0;1;0;0;0;-1;1;-1;0;0;
org.eclipse.ant.internal.ui.console;0;0;8;0;0;0;1;7;0;0;0;-1;0;0;0;2;0;0;0;-1;2;-1;0;0;
org.eclipse.update.operations;0;0;9;0;0;0;4;5;0;0;0;-1;0;101;0;1;1;0;0;-1;2;-1;0;1;
org.osgi.util.tracker;0;0;5;0;0;0;4;1;0;0;0;-1;0;757;0;0;0;0;0;-1;0;-1;0;2;
org.eclipse.pde.internal.ui.search;0;0;7;0;0;0;2;5;0;0;0;-1;0;80;0;0;0;0;0;-1;0;-1;0;3;
org.eclipse.jdt.internal.ui.refactoring;0;0;18;0;0;0;1;17;0;0;0;-1;0;226;0;0;0;0;0;-1;0;-1;0;3;
org.eclipse.jdt.internal.ui.callhierarchy;0;0;8;0;0;0;2;6;0;0;0;-1;0;34;0;1;0;0;0;-1;1;-1;0;3;
org.eclipse.jdt.internal.ui.wizards;0;0;7;0;0;0;2;5;0;0;0;-1;0;0;0;0;0;0;0;-1;0;-1;0;0;
org.eclipse.core.internal.properties;0;0;5;0;0;0;1;4;0;0;0;-1;0;290;0;0;0;0;0;-1;0;-1;0;2;
org.eclipse.jdt.internal.ui.actions;0;0;7;0;0;0;3;4;0;0;0;-1;0;115;0;0;0;0;0;-1;0;-1;0;3;
org.eclipse.update.internal.ui.properties;0;0;8;0;0;0;3;5;0;0;0;-1;0;51;0;1;0;0;0;-1;1;-1;0;2;
org.eclipse.update.internal.scheduler;0;0;20;0;0;0;2;18;0;0;0;-1;0;0;0;2;0;0;0;-1;2;-1;0;0;
org.eclipse.ltk.internal.ui.refactoring.util;0;0;3;0;0;0;0;3;0;0;0;-1;0;0;0;1;0;0;0;-1;1;-1;0;0;
org.eclipse.jdt.internal.corext.callhierarchy;0;0;11;0;0;0;1;10;0;0;0;-1;0;223;0;2;0;0;0;-1;2;-1;0;4;
org.eclipse.pde.ui.templates;0;0;15;0;0;0;6;9;0;0;0;-1;0;854;0;0;1;0;0;-1;1;-1;0;3;
org.eclipse.pde.internal.ui.wizards.extension;0;0;12;0;0;0;8;4;0;0;0;-1;0;437;0;0;2;0;0;-1;2;-1;0;3;
org.eclipse.jdt.internal.ui.javadocexport;0;0;8;0;0;0;0;8;0;0;0;-1;0;746;0;1;0;0;0;-1;1;-1;0;4;
org.eclipse.jdt.internal.corext.refactoring.nls.changes;0;0;12;0;0;0;4;8;0;0;0;-1;0;0;0;0;0;0;0;-1;0;-1;0;0;
org.eclipse.compare.rangedifferencer;0;0;2;0;0;0;0;2;0;0;0;-1;0;0;0;0;0;0;0;-1;0;-1;0;0;
org.eclipse.ui.cheatsheets;0;0;7;0;0;0;0;7;0;0;0;-1;0;0;0;3;0;0;0;-1;3;-1;0;0;
org.eclipse.search.internal.core.text;0;0;8;0;0;0;3;5;0;0;0;-1;0;0;0;1;0;0;0;-1;1;-1;0;1;
org.eclipse.jdt.internal.ui.dnd;0;0;2;0;0;0;2;0;0;0;0;-1;0;0;0;0;0;0;0;-1;0;-1;0;0;
org.eclipse.update.internal.configurator.branding;0;0;9;0;0;0;3;6;0;0;0;-1;0;84;0;1;0;0;0;-1;1;-1;0;1;
org.eclipse.debug.internal.core.memory;0;0;2;0;0;0;2;0;0;0;0;-1;0;0;0;0;1;0;0;-1;1;-1;0;1;
org.eclipse.ui.internal.intro.impl.model;0;0;5;0;0;0;5;0;0;0;0;-1;0;0;0;0;1;0;0;-1;1;-1;0;1;
org.eclipse.help.ui.internal.browser.embedded;0;0;7;0;0;0;2;5;0;0;0;-1;0;0;0;0;0;0;0;-1;0;-1;0;0;
org.eclipse.pde.internal.ui.wizards.plugin;0;0;5;0;0;0;2;3;0;0;0;-1;0;0;0;1;0;0;0;-1;1;-1;0;0;
org.eclipse.team.ui;0;0;15;0;0;0;5;10;0;0;0;-1;0;0;0;1;1;0;0;-1;2;-1;0;0;
org.eclipse.jface.text.information;0;0;4;0;0;0;3;1;0;0;0;-1;0;24;0;0;0;0;0;-1;0;-1;0;2;
org.eclipse.pde.internal.ui.launcher;0;0;16;0;0;0;2;14;0;0;0;-1;0;0;0;1;0;0;0;-1;1;-1;0;0;
org.eclipse.debug.internal.ui.views.registers;0;0;2;0;0;0;0;2;0;0;0;-1;0;0;0;1;0;0;0;-1;1;-1;0;1;
org.eclipse.ui.internal.forms.widgets;0;0;3;0;0;0;1;2;0;0;0;-1;0;0;0;1;0;0;0;-1;1;-1;0;0;
org.eclipse.debug.internal.ui;0;0;20;0;0;0;4;16;0;0;0;-1;0;0;0;1;0;0;0;-1;1;-1;0;2;
org.eclipse.ui.views.markers.internal;0;0;6;0;0;0;2;4;0;0;0;-1;0;128;0;1;0;0;0;-1;1;-1;0;7;
org.eclipse.swt.internal.photon;0;0;4;0;0;0;0;4;0;0;0;-1;0;0;0;0;0;0;0;-1;0;-1;0;1;
org.eclipse.ui.internal.forms;0;0;3;0;0;0;1;2;0;0;0;-1;0;4;0;1;0;0;0;-1;1;-1;0;1;
org.eclipse.pde.internal.ui.build;0;0;11;0;0;0;8;3;0;0;0;-1;0;111;0;1;0;0;0;-1;1;-1;0;2;
org.eclipse.ui.internal.util;0;0;11;0;0;0;1;10;0;0;0;-1;0;0;0;0;0;0;0;-1;0;-1;0;1;
org.eclipse.jdt.internal.launching;0;0;11;0;0;0;2;9;0;0;0;-1;0;71;0;1;0;0;0;-1;1;-1;0;3;
org.eclipse.pde.internal.ui.wizards.tools;0;0;6;0;0;0;4;2;0;0;0;-1;0;0;0;1;0;0;0;-1;1;-1;0;0;
org.eclipse.help.ui.internal.util;0;0;4;0;0;0;3;1;0;0;0;-1;0;0;0;0;0;0;0;-1;0;-1;0;0;
org.eclipse.jdt.core.eval;0;0;6;0;0;0;1;5;0;0;0;-1;0;0;0;1;0;0;0;-1;1;-1;0;0;
org.eclipse.ui.internal.console;1;0;4;1;0;0;0;4;2;0;1;1988;2;42;3;2;0;3;3;1988;2;1988;1;1;
org.eclipse.ant.internal.ui.antsupport.logger;0;0;13;0;0;0;1;12;0;0;1;1811;0;0;3;3;0;3;3;1811;3;1811;1;0;
org.eclipse.ui.internal.keys;0;0;26;0;0;0;0;26;0;0;0;-1;0;52;0;4;0;0;0;-1;4;-1;0;3;
org.eclipse.jdt.internal.corext.refactoring.typeconstraints;0;0;9;0;0;0;1;8;0;0;0;-1;0;84;0;2;0;0;0;-1;2;-1;0;2;
org.eclipse.jdt.internal.junit.util;0;0;3;0;0;0;2;1;0;0;0;-1;0;10;0;0;0;0;0;-1;0;-1;0;2;
org.eclipse.jdt.ui.refactoring;0;0;4;0;0;0;3;1;0;0;0;-1;0;0;0;0;0;0;0;-1;0;-1;0;0;
org.eclipse.jface.window;0;0;15;0;0;0;4;11;0;0;0;-1;0;0;0;1;1;0;0;-1;2;-1;0;0;
org.eclipse.jface.text.reconciler;0;0;7;0;0;0;3;4;0;0;0;-1;0;0;0;0;0;0;0;-1;0;-1;0;0;
org.eclipse.team.ui.synchronize;0;0;11;0;0;0;3;8;0;0;0;-1;0;188;0;1;0;0;0;-1;1;-1;0;2;
org.eclipse.team.internal.ccvs.ui.console;0;0;5;0;0;0;2;3;0;0;0;-1;0;0;0;1;0;0;0;-1;1;-1;0;0;
org.eclipse.pde.internal.core.search;0;0;4;0;0;0;1;3;0;0;0;-1;0;0;0;0;0;0;0;-1;0;-1;0;0;
org.eclipse.search.ui;0;0;14;0;0;0;5;9;0;0;0;-1;0;269;0;1;0;0;0;-1;1;-1;0;3;
org.eclipse.jdt.internal.ui.browsing;0;0;9;0;0;0;4;5;0;0;0;-1;0;50;0;1;1;0;0;-1;2;-1;0;1;
org.eclipse.jface.text.formatter;0;0;12;0;0;0;3;9;0;0;0;-1;0;141;0;0;0;0;0;-1;0;-1;0;3;
org.eclipse.core.resources.refresh;0;0;3;0;0;0;0;3;0;0;0;-1;0;0;0;1;0;0;0;-1;1;-1;0;0;
org.eclipse.team.internal.ccvs.ui;0;0;6;0;0;0;0;6;0;0;0;-1;0;494;0;0;0;0;0;-1;0;-1;0;2;
org.eclipse.team.core.synchronize;0;0;6;0;0;0;3;3;0;0;0;-1;0;0;0;1;0;0;0;-1;1;-1;0;0;
org.eclipse.debug.internal.ui.views.launch;0;0;56;0;0;0;23;33;135;0;1;1220;135;0;3;5;1;3;3;1220;6;1220;1;0;
org.eclipse.update.internal.security;0;0;5;0;0;0;2;3;0;0;0;-1;0;2;0;1;0;0;0;-1;1;-1;0;1;
org.eclipse.debug.core.sourcelookup;0;0;5;0;0;0;1;4;0;0;0;-1;0;151;0;1;0;0;0;-1;1;-1;0;1;
org.eclipse.update.internal.ui.servlets;0;0;5;0;0;0;0;5;0;0;0;-1;0;0;0;0;0;0;0;-1;0;-1;0;0;
org.eclipse.ui.internal.intro;0;0;6;0;0;0;0;6;0;0;0;-1;0;0;0;1;0;0;0;-1;1;-1;0;0;
org.eclipse.swt.graphics;0;0;19;0;0;0;5;14;381;0;1;472;381;1195;3;4;0;3;3;472;4;472;1;6;
org.eclipse.swt.internal.gnome;0;0;4;0;0;0;1;3;0;0;0;-1;0;0;0;0;0;0;0;-1;0;-1;0;0;
org.eclipse.jface.text.source.projection;0;0;9;0;0;0;4;5;0;0;0;-1;0;0;0;1;0;0;0;-1;1;-1;0;0;
org.osgi.service.permissionadmin;0;0;2;0;0;0;1;1;0;0;0;-1;0;0;0;0;0;0;0;-1;0;-1;0;0;
org.eclipse.pde.internal.core.feature;0;0;6;0;0;0;2;4;0;0;0;-1;0;0;0;1;0;0;0;-1;1;-1;0;0;
org.eclipse.ui.internal.intro.impl.swt;0;0;13;0;3;1;13;0;135;0;0;5773;135;0;3;0;3;0;3;5773;3;5773;1;0;
org.eclipse.help.internal.util;0;0;11;0;0;0;3;8;0;0;0;-1;0;21;0;0;0;0;0;-1;0;-1;0;1;
org.eclipse.jdt.internal.debug.ui.console;0;0;7;0;0;0;2;5;0;0;0;-1;0;0;0;1;0;0;0;-1;1;-1;0;0;
org.eclipse.swt.printing;0;0;9;0;0;0;2;7;0;0;0;-1;0;12;0;1;0;0;0;-1;1;-1;0;1;
org.eclipse.core.filebuffers;0;0;13;0;0;0;6;7;0;0;0;-1;0;187;0;1;0;0;0;-1;1;-1;0;2;
org.eclipse.help.internal.standalone;0;0;5;0;0;0;2;3;0;0;0;-1;0;0;0;1;0;0;0;-1;1;-1;0;0;
org.eclipse.ui.activities;0;0;23;0;0;0;2;21;0;0;0;-1;0;64;0;2;0;0;0;-1;2;-1;0;3;
org.eclipse.ui.actions;0;0;8;0;0;0;3;5;0;0;0;-1;0;76;0;1;0;0;0;-1;1;-1;0;2;
org.eclipse.jdt.internal.corext.refactoring.tagging;0;0;3;0;0;0;1;2;0;0;0;-1;0;0;0;1;0;0;0;-1;1;-1;0;0;
org.eclipse.ui.internal.cheatsheets.dialogs;0;0;4;0;0;0;1;3;0;0;0;-1;0;0;0;0;0;0;0;-1;0;-1;0;0;
org.eclipse.jdt.internal.debug.ui.classpath;0;0;5;0;0;0;0;5;0;0;0;-1;0;101;0;1;0;0;0;-1;1;-1;0;3;
org.eclipse.help.internal.browser.macosx;0;0;5;0;0;0;3;2;0;0;0;-1;0;0;0;0;0;0;0;-1;0;-1;0;0;
org.eclipse.debug.core.model;0;0;9;0;0;0;1;8;0;0;0;-1;0;28;0;1;0;0;0;-1;1;-1;0;3;
org.eclipse.jdi.internal.event;0;0;5;0;0;0;1;4;0;0;0;-1;0;10;0;0;0;0;0;-1;0;-1;0;3;
org.eclipse.ui.internal.ide.model;0;0;3;0;0;0;0;3;0;0;0;-1;0;9;0;1;0;0;0;-1;1;-1;0;4;
org.eclipse.jdt.core.dom;0;0;19;0;0;0;4;15;0;0;0;-1;0;495;0;1;0;0;0;-1;1;-1;0;6;
org.eclipse.swt.awt;0;0;9;0;0;0;6;3;0;0;0;-1;0;64;0;1;0;0;0;-1;1;-1;0;3;
org.eclipse.jdt.internal.core.builder;0;0;14;0;0;0;0;14;0;0;0;-1;0;72;0;2;0;0;0;-1;2;-1;0;2;
org.eclipse.pde.internal.ui.editor.text;0;0;4;0;0;0;2;2;0;0;0;-1;0;0;0;1;0;0;0;-1;1;-1;0;0;
org.eclipse.update.internal.ui.wizards;0;0;10;0;0;0;1;9;0;0;0;-1;0;16;0;0;0;0;0;-1;0;-1;0;2;
org.eclipse.ui.dialogs;0;0;3;0;0;0;0;3;0;0;0;-1;0;332;0;1;0;0;0;-1;1;-1;0;4;
org.eclipse.core.internal.jobs;0;0;56;0;0;0;4;52;407;0;1;2823;407;7;3;6;0;3;3;2823;6;2823;1;2;
com.sun.jdi.connect;0;0;3;0;0;0;0;3;0;0;0;-1;0;14;0;0;0;0;0;-1;0;-1;0;2;
org.eclipse.pde.internal.ui.model.build;0;0;8;0;0;0;8;0;0;0;0;-1;0;0;0;0;0;0;0;-1;0;-1;0;0;
org.eclipse.swt;0;0;30;0;0;0;8;22;0;0;0;-1;0;0;0;2;1;0;0;-1;3;-1;0;0;
org.eclipse.ui.console;0;0;2;0;0;0;0;2;0;0;0;-1;0;11;0;1;0;0;0;-1;1;-1;0;3;
org.eclipse.jdt.internal.debug.ui.monitors;0;0;5;0;0;0;2;3;0;0;0;-1;0;0;0;0;0;0;0;-1;0;-1;0;0;
com.sun.jdi.event;0;0;0;0;0;0;0;0;0;0;0;-1;0;0;0;0;0;0;0;-1;0;-1;0;0;
org.eclipse.pde.core.plugin;0;0;10;0;0;0;4;6;0;0;0;-1;0;80;0;1;0;0;0;-1;1;-1;0;3;
org.eclipse.jdt.internal.corext.refactoring;0;0;8;0;0;0;2;6;0;0;0;-1;0;0;0;0;0;0;0;-1;0;-1;0;0;
org.eclipse.jdt.internal.ui.infoviews;0;0;11;0;0;0;3;8;0;0;0;-1;0;0;0;1;0;0;0;-1;1;-1;0;0;
org.eclipse.jdt.internal.core.util;0;0;12;0;0;0;1;11;0;0;0;-1;0;21;0;0;0;0;0;-1;0;-1;0;4;
org.eclipse.jdt.internal.compiler.parser.diagnose;0;0;6;0;0;0;0;6;0;0;0;-1;0;0;0;1;0;0;0;-1;1;-1;0;0;
org.eclipse.debug.ui.actions;0;0;10;0;0;0;3;7;0;0;0;-1;0;0;0;0;0;0;0;-1;0;-1;0;1;
org.eclipse.pde.internal.ui.editor.schema;0;0;6;0;0;0;3;3;0;0;0;-1;0;14;0;0;0;0;0;-1;0;-1;0;2;
org.eclipse.jdt.internal.ui.text.spelling.engine;0;0;3;0;0;0;1;2;0;0;0;-1;0;0;0;1;0;0;0;-1;1;-1;0;0;
org.eclipse.help.internal;0;0;7;0;0;0;3;4;0;0;0;-1;0;167;0;0;0;0;0;-1;0;-1;0;1;
org.eclipse.jdt.core.jdom;0;0;6;0;0;0;1;5;0;0;0;-1;0;8;0;0;0;0;0;-1;0;-1;0;2;
org.eclipse.ltk.internal.ui.refactoring;0;0;7;0;0;0;2;5;0;0;0;-1;0;110;0;1;0;0;0;-1;1;-1;0;1;
org.eclipse.jdt.internal.ui.refactoring.sef;0;0;7;0;0;0;1;6;0;0;0;-1;0;0;0;0;0;0;0;-1;0;-1;0;0;
org.eclipse.ui.forms.events;0;0;6;0;0;0;1;5;0;0;0;-1;0;45;0;1;0;0;0;-1;1;-1;0;1;
org.eclipse.jdt.internal.corext.refactoring.participants;0;0;13;0;0;0;3;10;0;0;0;-1;0;0;0;1;0;0;0;-1;1;-1;0;0;
org.eclipse.core.internal.boot;0;0;10;0;0;0;3;7;0;0;0;-1;0;2;0;1;0;0;0;-1;1;-1;0;2;
org.eclipse.update.internal.ui.security;0;0;9;0;0;0;2;7;0;0;0;-1;0;0;0;0;0;0;0;-1;0;-1;0;0;
org.eclipse.jface.operation;0;0;4;0;0;0;3;1;0;0;0;-1;0;0;0;0;0;0;0;-1;0;-1;0;0;
com.sun.jdi.connect.spi;0;0;2;0;0;0;0;2;0;0;0;-1;0;0;0;1;0;0;0;-1;1;-1;0;0;
org.eclipse.jdt.internal.core.index;0;0;5;0;0;0;0;5;0;0;0;-1;0;0;0;1;0;0;0;-1;1;-1;0;0;
org.eclipse.jdt.internal.core.jdom;0;0;7;0;0;0;1;6;0;0;0;-1;0;8;0;1;0;0;0;-1;1;-1;0;1;
org.eclipse.team.internal.ui.dialogs;0;0;5;0;0;0;0;5;1063;0;1;987;1063;0;3;2;0;3;3;987;2;987;1;0;
org.eclipse.jdt.internal.ui.text.spelling;0;0;8;0;0;0;2;6;0;0;0;-1;0;2;0;1;0;0;0;-1;1;-1;0;2;
org.eclipse.search.internal.ui.text;0;0;14;0;0;0;1;13;0;0;0;-1;0;315;0;0;0;0;0;-1;0;-1;0;2;
org.eclipse.swt.custom;0;0;12;0;0;0;1;11;0;0;0;-1;0;148;0;2;0;0;0;-1;2;-1;0;2;
org.eclipse.jdt.internal.ui.text.correction;0;0;21;0;0;0;4;17;0;0;0;-1;0;0;0;1;0;0;0;-1;1;-1;0;0;
org.eclipse.pde.internal.build.ant;0;0;10;0;0;0;4;6;0;0;0;-1;0;12;0;1;0;0;0;-1;1;-1;0;1;
org.eclipse.debug.internal.ui.preferences;0;0;14;0;0;0;4;10;0;0;0;-1;0;0;0;0;0;0;0;-1;0;-1;0;0;
org.eclipse.pde.internal.core.ischema;0;0;3;0;0;0;1;2;0;0;0;-1;0;40;0;1;0;0;0;-1;1;-1;0;3;
org.eclipse.ui.internal.presentations.r21;0;0;3;0;0;0;3;0;0;0;0;-1;0;0;0;0;1;0;0;-1;1;-1;0;0;
org.eclipse.team.internal.ccvs.ui.wizards;0;0;8;0;0;0;1;7;0;0;0;-1;0;458;0;1;0;0;0;-1;1;-1;0;2;
org.eclipse.jdt.internal.junit.launcher;0;0;12;0;0;0;4;8;0;0;0;-1;0;0;0;0;0;0;0;-1;0;-1;0;0;
org.eclipse.jdt.internal.corext.template.java;0;0;13;0;0;0;2;11;0;0;0;-1;0;0;0;1;0;0;0;-1;1;-1;0;0;
org.eclipse.osgi.framework.internal.protocol;0;0;6;0;0;0;2;4;0;0;0;-1;0;0;0;1;0;0;0;-1;1;-1;0;0;
org.eclipse.debug.internal.core.sourcelookup;0;0;7;0;0;0;0;7;0;0;0;-1;0;5;0;2;0;0;0;-1;2;-1;0;2;
org.eclipse.jdt.ui.text.folding;0;0;3;0;0;0;3;0;0;0;0;-1;0;8;0;0;0;0;0;-1;0;-1;0;1;
org.eclipse.core.internal.filebuffers;0;0;11;0;0;0;7;4;0;0;0;-1;0;20;0;1;1;0;0;-1;2;-1;0;2;
org.eclipse.ui.internal.ide;0;0;14;0;0;0;3;11;149;0;1;1654;149;0;3;3;1;3;3;1654;4;1654;1;0;
org.eclipse.swt.internal.win32;0;0;16;0;0;0;0;16;0;0;0;-1;0;33;0;3;0;0;0;-1;3;-1;0;4;
org.eclipse.ui;0;0;6;0;0;0;0;6;0;0;0;-1;0;210;0;1;0;0;0;-1;1;-1;0;5;
org.eclipse.jdt.internal.debug.ui.sourcelookup;0;0;4;0;0;0;0;4;0;0;0;-1;0;0;0;1;0;0;0;-1;1;-1;0;0;
org.eclipse.team.internal.ccvs.core.resources;0;0;10;0;0;0;1;9;0;0;0;-1;0;121;0;1;0;0;0;-1;1;-1;0;2;
org.eclipse.jdt.internal.corext.refactoring.util;0;0;7;0;0;0;1;6;0;0;0;-1;0;0;0;0;0;0;0;-1;0;-1;0;1;
org.eclipse.update.internal.model;0;0;11;0;0;0;4;7;0;0;0;-1;0;0;0;1;0;0;0;-1;1;-1;0;0;
org.eclipse.ui.internal.cheatsheets.actions;0;0;8;0;0;0;2;6;0;0;0;-1;0;77;0;2;1;0;0;-1;3;-1;0;1;
org.eclipse.ant.internal.ui.editor.templates;0;0;10;0;0;0;7;3;0;0;0;-1;0;0;0;1;0;0;0;-1;1;-1;0;1;
org.eclipse.osgi.framework.adaptor.core;0;0;5;0;0;0;2;3;0;0;0;-1;0;435;0;1;0;0;0;-1;1;-1;0;2;
org.eclipse.ui.internal.intro.impl.presentations;0;0;28;0;3;1;28;0;41;0;0;6176;41;0;3;0;6;0;3;6176;6;6176;1;0;
org.eclipse.osgi.framework.console;0;0;6;0;0;0;4;2;0;0;0;-1;0;0;0;0;1;0;0;-1;1;-1;0;0;
org.eclipse.jdi.internal.connect;0;0;5;0;0;0;1;4;0;0;0;-1;0;0;0;0;0;0;0;-1;0;-1;0;0;
org.eclipse.pde.internal.builders;0;0;10;0;0;0;3;7;0;0;0;-1;0;0;0;1;0;0;0;-1;1;-1;0;0;
org.eclipse.core.internal.resources.refresh.win32;0;0;3;0;0;0;0;3;0;0;0;-1;0;17;0;1;0;0;0;-1;1;-1;0;1;
org.eclipse.ui.internal;0;0;8;0;0;0;0;8;0;0;0;-1;0;578;0;1;0;0;0;-1;1;-1;0;9;
org.osgi.framework;0;0;3;0;0;0;1;2;0;0;0;-1;0;113;0;1;0;0;0;-1;1;-1;0;3;
org.eclipse.team.internal.ccvs.core.util;0;0;9;0;0;0;1;8;0;0;0;-1;0;0;0;0;0;0;0;-1;0;-1;0;0;
org.eclipse.ui.internal.contexts.ws;0;0;2;0;0;0;1;1;0;0;0;-1;0;0;0;0;0;0;0;-1;0;-1;0;0;
org.eclipse.pde.internal.ui.ant;0;0;3;0;0;0;1;2;0;0;0;-1;0;0;0;0;0;0;0;-1;0;-1;0;0;
org.eclipse.jdt.internal.corext.refactoring.nls;0;0;17;0;0;0;10;7;0;0;0;-1;0;71;0;0;0;0;0;-1;0;-1;0;3;
org.eclipse.pde.internal.ui.editor;1;0;12;1;0;0;3;9;35;0;1;2751;35;30;3;2;0;3;3;2751;2;2751;1;3;
org.eclipse.jdt.internal.ui.packageview;0;0;4;0;0;0;1;3;0;0;0;-1;0;0;0;0;0;0;0;-1;0;-1;0;0;
org.eclipse.help.standalone;0;0;5;0;0;0;4;1;0;0;0;-1;0;0;0;0;0;0;0;-1;0;-1;0;0;
org.eclipse.core.resources;0;0;7;0;0;0;1;6;0;0;0;-1;0;0;0;1;0;0;0;-1;1;-1;0;0;
org.eclipse.jdt.internal.compiler.batch;0;0;7;0;0;0;1;6;0;0;0;-1;0;0;0;2;0;0;0;-1;2;-1;0;0;
org.eclipse.debug.internal.ui.views.breakpoints;0;0;19;0;0;0;5;14;48;0;1;1591;48;0;4;4;0;4;4;1591;4;1591;1;0;
org.eclipse.core.runtime.model;0;0;7;0;0;0;4;3;0;0;0;-1;0;55;0;1;1;0;0;-1;2;-1;0;3;
org.eclipse.osgi.service.environment;0;0;5;0;0;0;3;2;0;0;0;-1;0;0;0;0;0;0;0;-1;0;-1;0;0;
org.eclipse.ui.externaltools.internal.model;0;0;6;0;0;0;1;5;0;0;0;-1;0;0;0;0;0;0;0;-1;0;-1;0;0;
org.eclipse.osgi.framework.util;0;0;8;0;0;0;3;5;0;0;0;-1;0;1;0;0;0;0;0;-1;0;-1;0;1;
org.eclipse.ui.console.actions;0;0;6;0;0;0;2;4;0;0;0;-1;0;0;0;1;0;0;0;-1;1;-1;0;0;
org.eclipse.pde.ui;0;0;6;0;0;0;4;2;0;0;0;-1;0;85;0;1;0;0;0;-1;1;-1;0;2;
org.eclipse.help.internal.toc;0;0;6;0;0;0;2;4;0;0;0;-1;0;0;0;0;0;0;0;-1;0;-1;0;0;
org.eclipse.pde.internal.core.bundle;0;0;8;0;0;0;5;3;0;0;0;-1;0;118;0;1;0;0;0;-1;1;-1;0;3;
org.eclipse.tomcat.internal;0;0;9;0;0;0;1;8;510;0;1;487;510;0;3;2;0;3;3;487;2;487;1;0;
org.eclipse.ui.internal.presentations;0;0;14;0;0;0;5;9;0;0;0;-1;0;349;0;1;0;0;0;-1;1;-1;0;7;
org.eclipse.core.resources.ant;0;0;3;0;0;0;1;2;0;0;0;-1;0;0;0;1;0;0;0;-1;1;-1;0;0;
org.eclipse.ui.model;0;0;5;0;0;0;0;5;0;0;0;-1;0;0;0;0;0;0;0;-1;0;-1;0;0;
org.eclipse.jdi.hcr;0;0;0;0;0;0;0;0;0;0;0;-1;0;0;0;0;0;0;0;-1;0;-1;0;0;
org.eclipse.jdt.internal.core.eval;0;0;8;0;0;0;0;8;0;0;0;-1;0;0;0;1;0;0;0;-1;1;-1;0;0;
org.eclipse.jdt.internal.core.search.processing;0;0;3;0;0;0;0;3;0;0;0;-1;0;0;0;1;0;0;0;-1;1;-1;0;0;
org.eclipse.debug.internal.ui.views;0;0;4;0;0;0;0;4;0;0;0;-1;0;0;0;0;0;0;0;-1;0;-1;0;0;
org.eclipse.ant.internal.ui.editor.model;0;0;12;0;0;0;2;10;0;0;0;-1;0;0;0;1;1;0;0;-1;2;-1;0;1;
org.eclipse.pde.internal.ui.util;0;0;4;0;0;0;2;2;0;0;0;-1;0;6;0;0;0;0;0;-1;0;-1;0;1;
org.eclipse.jdt.internal.corext.refactoring.code.flow;0;0;5;0;0;0;1;4;0;0;0;-1;0;16;0;2;0;0;0;-1;2;-1;0;2;
org.eclipse.update.standalone;0;0;11;0;0;0;7;4;0;0;1;825;0;62;3;2;0;3;3;825;2;825;1;1;
org.eclipse.compare.internal.merge;0;0;3;0;0;0;3;0;0;0;0;-1;0;0;0;0;1;0;0;-1;1;-1;0;0;
org.eclipse.jdt.internal.debug.ui.snippeteditor;0;0;9;0;0;0;4;5;0;0;0;-1;0;0;0;0;0;0;0;-1;0;-1;0;2;
org.eclipse.update.configurator;0;0;4;0;0;0;3;1;0;0;0;-1;0;37;0;0;0;0;0;-1;0;-1;0;2;
org.eclipse.jdt.internal.ui.text.template.contentassist;0;0;13;0;0;0;3;10;9;0;1;4258;9;2;3;2;0;3;3;4258;2;4258;1;2;
org.eclipse.core.internal.resources;0;0;4;0;0;0;1;3;0;0;0;-1;0;2655;0;0;0;0;0;-1;0;-1;0;2;
org.eclipse.debug.internal.ui.views.expression;0;0;7;0;0;0;1;6;0;0;0;-1;0;0;0;0;0;0;0;-1;0;-1;0;1;
org.eclipse.osgi.internal.resolver;0;0;12;0;0;0;3;9;0;0;0;-1;0;117;0;1;0;0;0;-1;1;-1;0;4;
org.eclipse.help.internal.webapp;0;0;5;0;0;0;3;2;0;0;0;-1;0;0;0;0;0;0;0;-1;0;-1;0;0;
org.eclipse.jface.dialogs;0;0;12;0;0;0;6;6;0;0;0;-1;0;33;0;1;0;0;0;-1;1;-1;0;2;
org.eclipse.ui.application;0;0;10;0;0;0;3;7;0;0;0;-1;0;0;0;1;1;0;0;-1;2;-1;0;0;
org.eclipse.update.search;1;0;7;1;0;0;2;5;18;0;1;825;18;15;3;2;0;3;3;825;2;825;1;2;
org.eclipse.pde.internal.ui.model.bundle;0;0;10;0;0;0;10;0;0;0;0;-1;0;0;0;0;1;0;0;-1;1;-1;0;0;
org.eclipse.core.internal.runtime;0;0;12;0;0;0;2;10;0;0;0;-1;0;0;0;0;0;0;0;-1;0;-1;0;0;
org.eclipse.update.core.model;0;0;6;0;0;0;3;3;0;0;0;-1;0;0;0;1;0;0;0;-1;1;-1;0;0;
org.eclipse.jface.text.rules;0;0;7;0;0;0;2;5;0;0;0;-1;0;2;0;1;0;0;0;-1;1;-1;0;1;
org.eclipse.core.runtime.preferences;0;0;16;0;0;0;4;12;0;0;0;-1;0;61;0;1;1;0;0;-1;2;-1;0;2;
org.eclipse.osgi.framework.internal.defaultadaptor;0;0;32;0;0;0;8;24;0;0;0;-1;0;1723;0;4;1;0;0;-1;5;-1;0;6;
org.eclipse.swt.internal.mozilla;0;0;5;0;0;0;2;3;0;0;0;-1;0;463;0;1;0;0;0;-1;1;-1;0;2;
org.eclipse.jdt.internal.compiler.codegen;0;0;10;0;0;0;2;8;124;0;1;146;124;2;3;2;0;3;3;146;2;146;1;1;
org.eclipse.team.internal.core.subscribers;0;0;7;0;0;0;2;5;0;0;0;-1;0;74;0;1;0;0;0;-1;1;-1;0;2;
org.eclipse.ltk.internal.core.refactoring;0;0;4;0;0;0;2;2;0;0;0;-1;0;69;0;1;0;0;0;-1;1;-1;0;1;
org.eclipse.ltk.core.refactoring;0;0;6;0;0;0;3;3;0;0;0;-1;0;38;0;1;0;0;0;-1;1;-1;0;1;
org.eclipse.debug.internal.ui.actions;0;0;9;0;0;0;0;9;0;0;0;-1;0;13;0;1;0;0;0;-1;1;-1;0;3;
org.eclipse.pde.internal.ui;0;0;18;0;0;0;5;13;0;0;0;-1;0;174;0;0;0;0;0;-1;0;-1;0;2;
org.eclipse.jdi.internal.request;0;0;5;0;0;0;3;2;0;0;0;-1;0;0;0;0;0;0;0;-1;0;-1;0;0;
org.eclipse.core.runtime.adaptor;0;0;45;0;0;0;2;43;0;0;0;-1;0;180;0;6;0;0;0;-1;6;-1;0;3;
org.eclipse.jdt.internal.debug.ui.propertypages;0;0;4;0;0;0;1;3;0;0;0;-1;0;2;0;1;0;0;0;-1;1;-1;0;2;
org.eclipse.team.internal.ccvs.ui.repo;0;0;12;0;0;0;4;8;0;0;0;-1;0;46;0;1;0;0;0;-1;1;-1;0;2;
org.eclipse.jdt.internal.ui.javaeditor;0;0;20;0;0;0;1;19;0;0;0;-1;0;26;0;2;0;0;0;-1;2;-1;0;1;
org.eclipse.ltk.core.refactoring.participants;0;0;7;0;0;0;4;3;0;0;0;-1;0;315;0;1;0;0;0;-1;1;-1;0;1;
org.eclipse.jdt.internal.corext.javadoc;0;0;3;0;0;0;1;2;0;0;0;-1;0;2;0;0;0;0;0;-1;0;-1;0;1;
org.eclipse.ui.internal.registry;0;0;8;0;0;0;2;6;0;0;0;-1;0;1170;0;1;0;0;0;-1;1;-1;0;6;
org.eclipse.team.internal.ccvs.ui.actions;0;0;8;0;0;0;1;7;0;0;0;-1;0;0;0;1;0;0;0;-1;1;-1;0;0;
org.eclipse.jdt.internal.core.search.indexing;0;0;15;0;0;0;2;13;0;0;0;-1;0;0;0;1;0;0;0;-1;1;-1;0;0;
org.eclipse.debug.internal.ui.launchConfigurations;0;0;26;0;0;0;4;22;0;0;0;-1;0;16;0;1;1;0;0;-1;2;-1;0;2;
org.eclipse.pde.internal.ui.wizards.feature;0;0;6;0;0;0;4;2;0;0;0;-1;0;0;0;1;1;0;0;-1;2;-1;0;0;
org.eclipse.jdt.internal.ui.compare;0;0;12;0;0;0;3;9;0;0;0;-1;0;18;0;0;0;0;0;-1;0;-1;0;2;
org.eclipse.team.internal.ccvs.ssh2;0;0;4;0;0;0;2;2;0;0;0;-1;0;11;0;1;0;0;0;-1;1;-1;0;2;
org.eclipse.jdt.ui.text.java;0;0;6;0;0;0;2;4;0;0;0;-1;0;0;0;1;0;0;0;-1;1;-1;0;0;
org.eclipse.help.internal.workingset;0;0;4;0;0;0;2;2;0;0;0;-1;0;195;0;1;0;0;0;-1;1;-1;0;1;
org.eclipse.ui.internal.intro.impl.html;0;0;3;0;0;0;3;0;0;0;0;-1;0;2;0;0;1;0;0;-1;1;-1;0;1;
org.eclipse.jdt.internal.junit.refactoring;0;0;3;0;0;0;1;2;0;0;0;-1;0;0;0;1;0;0;0;-1;1;-1;0;0;
org.eclipse.jdt.internal.formatter.align;0;0;17;0;0;0;0;17;0;0;0;-1;0;0;0;1;0;0;0;-1;1;-1;0;0;
org.eclipse.jdt.internal.debug.core.breakpoints;0;0;5;0;0;0;0;5;0;0;0;-1;0;2;0;0;0;0;0;-1;0;-1;0;1;
org.eclipse.jdt.core.compiler;0;0;31;0;0;0;6;25;0;0;0;-1;0;0;0;4;0;0;0;-1;4;-1;0;0;
org.eclipse.jdt.internal.corext.refactoring.base;0;0;5;0;0;0;1;4;0;0;0;-1;0;26;0;1;0;0;0;-1;1;-1;0;3;
org.eclipse.help.internal.appserver;0;0;12;0;0;0;3;9;192;0;1;4613;192;0;3;2;0;3;3;4613;2;4613;1;0;
org.eclipse.core.internal.watson;0;0;4;0;0;0;1;3;0;0;0;-1;0;149;0;1;0;0;0;-1;1;-1;0;1;
org.eclipse.jdt.ui.search;0;0;8;0;0;0;6;2;0;0;0;-1;0;0;0;1;0;0;0;-1;1;-1;0;0;
org.eclipse.ltk.ui.refactoring;0;0;12;0;0;0;6;6;0;0;0;-1;0;2;0;1;0;0;0;-1;1;-1;0;1;
org.eclipse.jdt.internal.ui.workingsets;0;0;4;0;0;0;1;3;0;0;0;-1;0;5;0;1;0;0;0;-1;1;-1;0;1;
org.eclipse.swt.internal;0;0;28;0;0;0;1;27;0;0;0;-1;0;0;0;1;0;0;0;-1;1;-1;0;0;
org.eclipse.ant.internal.ui.editor;0;0;63;0;0;0;20;43;18;0;1;4219;18;120;3;6;4;3;3;4219;10;4219;1;1;
org.eclipse.compare;0;0;6;0;0;0;0;6;0;0;0;-1;0;9;0;0;0;0;0;-1;0;-1;0;1;
org.eclipse.ui.externaltools.internal.ui;0;0;32;0;0;0;3;29;0;0;0;-1;0;0;0;3;0;0;0;-1;3;-1;0;0;
org.eclipse.jdt.core.util;0;0;5;0;0;0;0;5;0;0;0;-1;0;140;0;0;0;0;0;-1;0;-1;0;2;
org.eclipse.ui.views.tasklist;0;0;2;0;0;0;0;2;0;0;0;-1;0;12;0;1;0;0;0;-1;1;-1;0;3;
org.eclipse.pde.internal.core;0;0;17;0;0;0;2;15;0;0;0;-1;0;13;0;3;0;0;0;-1;3;-1;0;2;
org.eclipse.jdt.internal.ui.wizards.buildpaths;0;0;6;0;0;0;1;5;0;0;0;-1;0;578;0;0;0;0;0;-1;0;-1;0;4;
org.eclipse.update.internal.ui.parts;0;0;4;0;0;0;1;3;0;0;0;-1;0;7;0;0;0;0;0;-1;0;-1;0;1;
org.eclipse.help.ui.internal;0;0;9;0;0;0;3;6;0;0;0;-1;0;0;0;1;0;0;0;-1;1;-1;0;0;
org.eclipse.ui.internal.intro.impl.model.viewer;0;0;2;0;0;0;2;0;0;0;0;-1;0;0;0;0;0;0;0;-1;0;-1;0;0;
org.eclipse.ui.internal.dnd;0;0;4;0;0;0;0;4;0;0;0;-1;0;0;0;1;0;0;0;-1;1;-1;0;0;
org.eclipse.ant.internal.ui.views;0;0;5;0;0;0;1;4;0;0;0;-1;0;0;0;1;0;0;0;-1;1;-1;0;1;
org.eclipse.jface.viewers;0;0;3;0;0;0;0;3;0;0;0;-1;0;5;0;1;0;0;0;-1;1;-1;0;3;
org.eclipse.ui.internal.activities.ws;0;0;4;0;0;0;1;3;0;0;0;-1;0;2;0;1;0;0;0;-1;1;-1;0;2;
org.eclipse.ui.editors.text.templates;0;0;3;0;0;0;3;0;0;0;0;-1;0;0;0;0;0;0;0;-1;0;-1;0;0;
org.eclipse.ui.internal.themes;0;0;8;0;0;0;1;7;0;0;0;-1;0;226;0;2;0;0;0;-1;2;-1;0;2;
org.eclipse.ant.internal.ui.editor.derived;0;0;2;0;0;0;0;2;0;0;0;-1;0;9;0;1;0;0;0;-1;1;-1;0;1;
org.eclipse.jdt.ui.text;0;0;13;0;0;0;4;9;0;0;0;-1;0;0;0;0;0;0;0;-1;0;-1;0;0;
org.eclipse.ui.intro.config;0;0;6;0;0;0;6;0;0;0;0;-1;0;0;0;0;1;0;0;-1;1;-1;0;0;
org.eclipse.jdt.internal.debug.ui.actions;0;0;6;0;0;0;1;5;0;0;0;-1;0;51;0;0;0;0;0;-1;0;-1;0;4;
org.eclipse.swt.tools.internal;0;0;3;0;0;0;0;3;0;0;0;-1;0;43;0;1;0;0;0;-1;1;-1;0;2;
org.eclipse.update.configuration;0;0;2;0;0;0;0;2;0;0;0;-1;0;4;0;1;0;0;0;-1;1;-1;0;1;
org.eclipse.team.internal.ccvs.ui.model;0;0;4;0;0;0;0;4;0;0;0;-1;0;216;0;1;0;0;0;-1;1;-1;0;2;
org.eclipse.jdt.internal.ui.text.comment;0;0;16;0;0;0;3;13;0;0;0;-1;0;488;0;2;0;0;0;-1;2;-1;0;3;
org.eclipse.jdt.internal.codeassist.complete;0;0;10;0;0;0;0;10;0;0;0;-1;0;31;0;1;0;0;0;-1;1;-1;0;2;
org.eclipse.swt.internal.gtk;0;0;38;0;0;0;1;37;297;0;1;1102;297;112;3;6;0;3;3;1102;6;1102;1;6;
org.eclipse.debug.internal.ui.views.variables;0;0;22;0;0;0;0;22;0;0;0;-1;0;41;0;3;0;0;0;-1;3;-1;0;1;
org.eclipse.pde.internal.ui.model;0;0;9;0;0;0;6;3;0;0;0;-1;0;0;0;1;0;0;0;-1;1;-1;0;0;
org.eclipse.jdi.internal.jdwp;0;0;2;0;0;0;0;2;0;0;0;-1;0;0;0;0;0;0;0;-1;0;-1;0;0;
org.eclipse.update.internal.mirror;0;0;13;0;0;0;3;10;0;0;0;-1;0;0;0;1;0;0;0;-1;1;-1;0;0;
org.eclipse.pde.internal.build.site;0;0;14;0;0;0;5;9;0;0;0;-1;0;0;0;1;0;0;0;-1;1;-1;0;0;
org.eclipse.jface.internal.text.link.contentassist;0;0;4;0;0;0;2;2;0;0;0;-1;0;2;0;1;0;0;0;-1;1;-1;0;2;
org.eclipse.team.internal.ccvs.core.syncinfo;0;0;9;0;0;0;2;7;0;0;0;-1;0;0;0;0;0;0;0;-1;0;-1;0;0;
org.eclipse.jdt.ui.jarpackager;0;0;8;0;0;0;6;2;0;0;0;-1;0;2;0;0;0;0;0;-1;0;-1;0;1;
org.eclipse.pde.internal.core.util;0;0;8;0;0;0;4;4;0;0;0;-1;0;0;0;0;0;0;0;-1;0;-1;0;0;
org.eclipse.jdt.internal.corext.refactoring.reorg;0;0;21;0;0;0;3;18;0;0;0;-1;0;2;0;1;0;0;0;-1;1;-1;0;2;
org.eclipse.help.ui.internal.browser;0;0;7;0;0;0;3;4;0;0;0;-1;0;0;0;0;0;0;0;-1;0;-1;0;0;
org.eclipse.debug.core.sourcelookup.containers;1;0;6;1;0;0;1;5;107;0;1;4949;107;2;4;3;0;4;4;4949;3;4949;1;1;
org.eclipse.ui.ide;0;0;27;0;0;0;8;19;99;0;1;1670;99;0;4;4;1;4;4;1670;5;1670;1;0;
org.eclipse.ant.internal.ui.antsupport;0;0;4;0;0;0;0;4;0;0;1;1811;0;0;3;2;0;3;3;1811;2;1811;1;0;
org.eclipse.ui.internal.presentations.r21.widgets;0;0;2;0;0;0;2;0;0;0;0;-1;0;0;0;0;1;0;0;-1;1;-1;0;0;
org.eclipse.debug.internal.ui.sourcelookup.browsers;0;0;7;0;0;0;0;7;0;0;0;-1;0;0;0;1;0;0;0;-1;1;-1;0;0;
org.eclipse.jdt.junit;0;0;2;0;0;0;2;0;0;0;0;-1;0;8;0;0;0;0;0;-1;0;-1;0;2;
org.eclipse.jdt.internal.debug.eval.ast.instructions;0;0;4;0;0;0;0;4;0;0;0;-1;0;21;0;0;0;0;0;-1;0;-1;0;2;
org.eclipse.ant.internal.ui.datatransfer;0;0;2;0;0;0;0;2;0;0;0;-1;0;0;0;1;0;0;0;-1;1;-1;0;0;
org.eclipse.jdt.internal.launching.macosx;0;0;8;0;0;0;0;8;0;0;0;-1;0;0;0;0;0;0;0;-1;0;-1;0;0;
org.eclipse.ui.internal.cheatsheets.registry;0;0;5;0;0;0;1;4;0;0;0;-1;0;0;0;1;0;0;0;-1;1;-1;0;0;
org.eclipse.help.internal.base;0;0;19;0;0;0;5;14;10;0;1;1747;10;0;3;3;0;3;3;1747;3;1747;1;0;
org.eclipse.jdt.internal.debug.core.hcr;0;0;2;0;0;0;0;2;0;0;0;-1;0;0;0;0;0;0;0;-1;0;-1;0;0;
org.eclipse.jface.resource;0;0;9;0;0;0;1;8;0;0;0;-1;0;0;0;0;0;0;0;-1;0;-1;0;1;
org.eclipse.team.core.variants;0;0;4;0;0;0;2;2;0;0;0;-1;0;10;0;1;0;0;0;-1;1;-1;0;2;
org.eclipse.ui.presentations;0;0;4;0;0;0;2;2;0;0;0;-1;0;213;0;1;0;0;0;-1;1;-1;0;6;
org.eclipse.update.internal.ui.views;0;0;15;0;0;0;2;13;0;0;0;-1;0;0;0;0;0;0;0;-1;0;-1;0;0;
org.eclipse.update.internal.core;0;0;11;0;0;0;3;8;0;0;0;-1;0;383;0;0;0;0;0;-1;0;-1;0;3;
org.eclipse.jdt.internal.corext.codemanipulation;0;0;13;0;0;0;1;12;0;0;0;-1;0;0;0;2;0;0;0;-1;2;-1;0;0;
org.eclipse.ui.intro;0;0;8;0;0;0;3;5;0;0;0;-1;0;0;0;0;0;0;0;-1;0;-1;0;0;
org.eclipse.team.core;0;0;11;0;0;0;4;7;0;0;0;-1;0;0;0;0;0;0;0;-1;0;-1;0;0;
org.eclipse.team.core.subscribers;0;0;6;0;0;0;3;3;0;0;0;-1;0;83;0;1;0;0;0;-1;1;-1;0;2;
org.eclipse.jdt.internal.ui.refactoring.actions;0;0;11;0;0;0;1;10;0;0;0;-1;0;319;0;1;0;0;0;-1;1;-1;0;3;
org.eclipse.jdt.internal.ui.text.java.hover;0;0;9;0;0;0;2;7;0;0;0;-1;0;674;0;0;0;0;0;-1;0;-1;0;4;
org.eclipse.ui.internal.editors.text;0;0;13;0;0;0;2;11;0;0;0;-1;0;1257;0;0;0;0;0;-1;0;-1;0;3;
org.eclipse.ui.internal.editors.quickdiff;0;0;19;0;0;0;6;13;0;0;0;-1;0;0;0;0;0;0;0;-1;0;-1;0;0;
org.eclipse.jdt.internal.debug.core.model;0;0;13;0;0;0;2;11;0;0;0;-1;0;0;0;1;0;0;0;-1;1;-1;0;0;
org.eclipse.ui.internal.ide.actions;0;0;2;0;0;0;0;2;0;0;0;-1;0;25;0;1;0;0;0;-1;1;-1;0;1;
org.eclipse.pde.internal.ui.editor.feature;0;0;13;0;0;0;4;9;0;0;0;-1;0;215;0;0;0;0;0;-1;0;-1;0;3;
org.eclipse.jdt.internal.debug.core.logicalstructures;0;0;3;0;0;0;0;3;0;0;0;-1;0;15;0;1;0;0;0;-1;1;-1;0;2;
org.eclipse.pde.internal.build;0;0;15;0;0;0;3;12;0;0;0;-1;0;0;0;1;0;0;0;-1;1;-1;0;0;
org.eclipse.compare.internal.patch;0;0;5;0;0;0;0;5;0;0;0;-1;0;2;0;1;0;0;0;-1;1;-1;0;1;
org.eclipse.pde.internal.build.packager;0;0;12;0;0;0;5;7;0;0;0;-1;0;0;0;1;0;0;0;-1;1;-1;0;0;
org.eclipse.debug.internal.ui.sourcelookup;0;0;2;0;0;0;0;2;0;0;0;-1;0;234;0;1;0;0;0;-1;1;-1;0;3;
org.eclipse.jdt.internal.core.search;0;0;6;0;0;0;0;6;0;0;0;-1;0;129;0;0;0;0;0;-1;0;-1;0;1;
org.eclipse.jdt.debug.core;0;0;8;0;0;0;1;7;0;0;0;-1;0;116;0;0;0;0;0;-1;0;-1;0;4;
org.eclipse.ui.internal.cheatsheets;0;0;6;0;0;0;3;3;0;0;0;-1;0;0;0;1;0;0;0;-1;1;-1;0;1;
org.eclipse.ui.internal.decorators;0;0;7;0;0;0;3;4;0;0;0;-1;0;0;0;0;0;0;0;-1;0;-1;0;0;
org.eclipse.pde.internal.ui.wizards.site;0;0;10;0;0;0;9;1;0;0;0;-1;0;71;0;0;0;0;0;-1;0;-1;0;2;
org.eclipse.swt.accessibility;0;0;12;0;0;0;0;12;990;0;1;1102;990;0;3;4;0;3;3;1102;4;1102;1;1;
org.eclipse.help.ui.internal.ide;0;0;8;0;0;0;3;5;2;0;1;1778;2;0;3;2;0;3;3;1778;2;1778;1;0;
org.eclipse.debug.core;0;0;27;0;0;0;7;20;0;0;0;-1;0;0;0;0;0;0;0;-1;0;-1;0;0;
org.eclipse.jdt.internal.corext.refactoring.surround;0;0;4;0;0;0;1;3;0;0;0;-1;0;0;0;0;0;0;0;-1;0;-1;0;0;
org.eclipse.ui.internal.contexts;1;0;22;1;0;0;2;20;195;0;1;1400;195;1743;3;3;0;3;3;1400;3;1400;1;4;
org.eclipse.ui.internal.about;0;0;3;0;0;0;3;0;0;0;0;-1;0;0;0;0;1;0;0;-1;1;-1;0;0;
org.eclipse.ui.externaltools.internal.variables;0;0;4;0;0;0;0;4;0;0;0;-1;0;0;0;0;0;0;0;-1;0;-1;0;0;
org.eclipse.ui.contexts;0;0;23;0;0;0;2;21;0;0;0;-1;0;0;0;4;0;0;0;-1;4;-1;0;0;
org.eclipse.debug.internal.ui.views.memory;0;0;3;0;0;0;3;0;0;0;0;-1;0;18;0;0;1;0;0;-1;1;-1;0;2;
org.eclipse.pde.internal.junit.runtime;0;0;4;0;0;0;1;3;0;0;0;-1;0;0;0;1;0;0;0;-1;1;-1;0;0;
org.eclipse.ui.views.properties;0;0;3;0;0;0;0;3;0;0;0;-1;0;505;0;1;0;0;0;-1;1;-1;0;3;
org.eclipse.team.internal.ccvs.core;0;0;15;0;0;0;0;15;0;0;0;-1;0;68;0;1;0;0;0;-1;1;-1;0;2;
org.eclipse.jdt.internal.ui.jarpackager;0;0;7;0;0;0;1;6;0;0;0;-1;0;2;0;0;0;0;0;-1;0;-1;0;1;
org.eclipse.core.internal.events;0;0;29;0;0;0;11;18;0;0;0;-1;0;60;0;2;0;0;0;-1;2;-1;0;2;
org.eclipse.jdt.internal.ui.text.java;0;0;26;0;0;0;9;17;0;0;0;-1;0;0;0;1;0;0;0;-1;1;-1;0;0;
org.eclipse.jdt.internal.corext.textmanipulation;0;0;5;0;0;0;1;4;0;0;0;-1;0;0;0;0;0;0;0;-1;0;-1;0;0;
org.eclipse.jface.text.presentation;0;0;3;0;0;0;2;1;0;0;0;-1;0;0;0;0;0;0;0;-1;0;-1;0;0;
org.eclipse.ant.internal.ui.editor.outline;0;0;4;0;0;0;1;3;0;0;0;-1;0;0;0;1;0;0;0;-1;1;-1;0;1;
org.eclipse.jdt.internal.compiler.parser;0;0;50;0;0;0;6;44;121;4;2;1785;183;0;4;11;0;7;7;2118;11;2118;2;0;
org.eclipse.jface.text.projection;0;0;6;0;0;0;1;5;0;0;0;-1;0;505;0;2;0;0;0;-1;2;-1;0;2;
org.eclipse.help.internal.browser;0;0;5;0;0;0;2;3;0;0;0;-1;0;63;0;1;0;0;0;-1;1;-1;0;1;
