filename;TotalPeopleInBurst;MaximumChangeBurstLate;NumberOfChanges;MaxPeopleInBurst;TotalBurstSizeLate;NumberOfChangeBurstsLate;NumberOfChangesLate;NumberOfChangesEarly;MaxChurnInBurst;MaximumChangeBurstEarly;NumberOfChangeBurstsEarly;TimeFirstBurst;TotalChurnInBurst;ChurnTotal;MaximumChangeBurst;NumberOfConsecutiveChangesEarly;NumberOfConsecutiveChangesLate;TotalBurstSizeEarly;TotalBurstSize;TimeMaxBurst;NumberOfConsecutiveChanges;TimeLastBurst;NumberOfChangeBursts;PeopleTotal;bugs
org.eclipse.ui.views.bookmarkexplorer;0;0;6;0;0;0;0;6;0;0;0;-1;0;567;0;4;0;0;0;-1;4;-1;0;3;0
org.eclipse.update.internal.operations;0;0;4;0;0;0;0;4;0;0;0;-1;0;14;0;2;0;0;0;-1;2;-1;0;1;0
org.eclipse.pde.internal.core.schema;0;0;7;0;0;0;0;7;2491;0;1;7;2491;6;6;5;0;6;6;7;5;7;1;1;0
org.eclipse.jdt.internal.compiler.classfmt;0;0;10;0;0;0;0;10;763;0;1;12;763;0;8;8;0;8;8;12;8;12;1;0;1
org.eclipse.jdt.internal.core.hierarchy;0;0;11;0;0;0;0;11;301;0;1;1;301;0;9;9;0;9;9;1;9;1;1;0;3
org.eclipse.team.internal.ui.wizards;0;0;5;0;0;0;0;5;0;0;0;-1;0;0;0;2;0;0;0;-1;2;-1;0;0;0
org.eclipse.ui.externaltools.internal.program.launchConfigurations;0;0;3;0;0;0;0;3;0;0;0;-1;0;0;0;2;0;0;0;-1;2;-1;0;0;0
org.eclipse.jdi;0;0;2;0;0;0;0;2;0;0;0;-1;0;0;0;0;0;0;0;-1;0;-1;0;0;0
org.eclipse.debug.ui;0;0;9;0;0;0;0;9;327;0;1;1;327;54;6;6;0;6;6;1;6;1;1;2;1
org.eclipse.core.internal.localstore;0;0;8;0;0;0;0;8;0;0;0;-1;0;18;0;6;0;0;0;-1;6;-1;0;2;4
org.eclipse.ui.internal.intro.impl.parts;0;0;6;0;0;0;3;3;84;0;1;36;84;0;6;2;3;6;6;36;5;36;1;0;0
org.eclipse.pde.internal.build.builder;0;0;6;0;0;0;0;6;0;0;0;-1;0;0;0;4;0;0;0;-1;4;-1;0;0;0
org.eclipse.osgi.framework.eventmgr;0;0;4;0;0;0;2;2;0;0;0;-1;0;0;0;1;1;0;0;-1;2;-1;0;0;0
org.eclipse.jdt.internal.junit.wizards;0;0;4;0;0;0;0;4;0;0;0;-1;0;0;0;2;0;0;0;-1;2;-1;0;1;2
org.eclipse.core.resources.team;0;0;3;0;0;0;1;2;0;0;0;-1;0;0;0;0;0;0;0;-1;0;-1;0;0;0
org.eclipse.search2.internal.ui.text;0;0;8;0;0;0;1;7;0;0;0;-1;0;0;0;5;0;0;0;-1;5;-1;0;0;2
org.eclipse.pde.internal.core.iproduct;0;0;3;0;0;0;0;3;0;0;0;-1;0;46;0;2;0;0;0;-1;2;-1;0;2;0
org.eclipse.swt.internal.gdip;0;0;3;0;0;0;0;3;0;0;0;-1;0;10;0;2;0;0;0;-1;2;-1;0;2;3
org.eclipse.update.core;0;0;5;0;0;0;0;5;0;0;0;-1;0;24;0;3;0;0;0;-1;3;-1;0;2;0
org.eclipse.ant.internal.ui.antsupport.inputhandler;0;0;5;0;0;0;1;4;0;0;0;-1;0;21;0;2;1;0;0;-1;3;-1;0;1;2
org.eclipse.ui.commands;0;0;9;0;0;0;0;9;0;0;0;-1;0;0;0;7;0;0;0;-1;7;-1;0;1;0
org.eclipse.debug.internal.core.sourcelookup.containers;0;0;4;0;0;0;0;4;0;0;0;-1;0;14;0;3;0;0;0;-1;3;-1;0;2;0
org.eclipse.ui.externaltools.internal.launchConfigurations;0;0;6;0;0;0;0;6;0;0;0;-1;0;0;0;4;0;0;0;-1;4;-1;0;0;2
org.eclipse.core.internal.plugins;0;0;4;0;0;0;0;4;0;0;0;-1;0;0;0;2;0;0;0;-1;2;-1;0;0;0
org.eclipse.core.internal.indexing;0;0;4;0;0;0;0;4;0;0;0;-1;0;215;0;3;0;0;0;-1;3;-1;0;2;0
org.eclipse.ui.internal.part;0;0;5;0;0;0;0;5;0;0;0;-1;0;219;0;4;0;0;0;-1;4;-1;0;3;0
org.eclipse.compare.internal;0;0;6;0;0;0;1;5;0;0;0;-1;0;16;0;2;0;0;0;-1;2;-1;0;1;2
org.eclipse.compare.structuremergeviewer;0;0;3;0;0;0;0;3;0;0;0;-1;0;16;0;0;0;0;0;-1;0;-1;0;1;0
org.eclipse.team.internal.ccvs.core.client;0;0;8;0;0;0;0;8;0;0;0;-1;0;65;0;5;0;0;0;-1;5;-1;0;1;1
org.eclipse.jdt.core;0;0;8;0;0;0;0;8;0;0;0;-1;0;81;0;5;0;0;0;-1;5;-1;0;3;8
org.eclipse.swt.ole.win32;1;0;7;1;0;0;0;7;224;0;1;1;224;32;6;5;0;6;6;1;5;1;1;2;0
org.eclipse.jdt.internal.debug.ui.jres;0;0;6;0;0;0;1;5;0;0;0;-1;0;8;0;3;1;0;0;-1;4;-1;0;1;2
org.eclipse.jface.text.templates.persistence;0;0;6;0;0;0;2;4;0;0;0;-1;0;0;0;1;0;0;0;-1;1;-1;0;0;0
org.eclipse.ant.internal.ui.debug.model;1;0;7;1;0;0;0;7;1211;0;1;20;1211;216;7;6;0;7;7;20;6;20;1;3;1
org.eclipse.search.internal.ui;0;0;7;0;0;0;1;6;0;0;0;-1;0;22;0;3;0;0;0;-1;3;-1;0;3;3
org.eclipse.jdt.internal.ui.javaeditor.selectionactions;0;0;7;0;0;0;1;6;0;0;0;-1;0;0;0;4;0;0;0;-1;4;-1;0;0;0
org.eclipse.pde.internal.ui.preferences;0;0;9;0;0;0;0;9;0;0;0;-1;0;0;0;7;0;0;0;-1;7;-1;0;0;0
org.eclipse.jdt.internal.formatter;0;0;5;0;0;0;0;5;0;0;0;-1;0;0;0;2;0;0;0;-1;2;-1;0;0;3
org.eclipse.jdt.internal.corext.dom.fragments;0;0;3;0;0;0;1;2;0;0;0;-1;0;30;0;1;0;0;0;-1;1;-1;0;2;0
org.eclipse.compare.contentmergeviewer;0;0;5;0;0;0;0;5;0;0;0;-1;0;0;0;2;0;0;0;-1;2;-1;0;0;0
org.eclipse.ui.internal.preferences;0;0;3;0;0;0;0;3;0;0;0;-1;0;32;0;1;0;0;0;-1;1;-1;0;3;1
org.eclipse.team.internal.ui.preferences;0;0;9;0;0;0;1;8;473;0;1;24;473;0;6;6;0;6;6;24;6;24;1;0;0
org.eclipse.jdt.internal.debug.eval.ast.engine;0;0;6;0;0;0;1;5;0;0;0;-1;0;0;0;2;0;0;0;-1;2;-1;0;0;2
org.eclipse.search.internal.ui.util;0;0;4;0;0;0;0;4;0;0;0;-1;0;8;0;3;0;0;0;-1;3;-1;0;1;1
org.eclipse.pde.internal.ui.parts;0;0;3;0;0;0;0;3;0;0;0;-1;0;39;0;1;0;0;0;-1;1;-1;0;2;0
org.eclipse.team.internal.ccvs.ui.subscriber;1;0;17;1;0;0;1;16;2846;11;2;8;3382;448;11;14;1;17;17;8;15;32;2;2;0
org.eclipse.debug.internal.ui.memory;0;0;5;0;0;0;1;4;0;0;0;-1;0;208;0;3;0;0;0;-1;3;-1;0;2;0
org.eclipse.debug.internal.core;0;0;6;0;0;0;0;6;0;0;0;-1;0;50;0;3;0;0;0;-1;3;-1;0;3;5
org.eclipse.swt.program;0;0;13;0;0;0;3;10;968;0;1;30;968;0;8;7;3;8;8;30;10;30;1;0;0
org.osgi.service.prefs;0;0;2;0;0;0;1;1;0;0;0;-1;0;1325;0;0;0;0;0;-1;0;-1;0;1;3
org.eclipse.ui.internal.presentations.defaultpresentation;0;0;6;0;0;0;2;4;0;0;0;-1;0;18;0;2;1;0;0;-1;3;-1;0;2;1
org.eclipse.ui.internal.components.registry;0;0;3;0;0;0;0;3;0;0;0;-1;0;38;0;2;0;0;0;-1;2;-1;0;2;1
org.osgi.service.url;0;0;4;0;0;0;1;3;0;0;0;-1;0;0;0;2;0;0;0;-1;2;-1;0;0;0
org.eclipse.jface.text.link;0;0;9;0;0;0;2;7;432;0;1;12;432;0;6;5;0;6;6;12;5;12;1;0;0
org.eclipse.ui.internal.components.framework;0;0;2;0;0;0;0;2;0;0;0;-1;0;0;0;1;0;0;0;-1;1;-1;0;1;0
org.eclipse.core.runtime.internal.adaptor;0;0;3;0;0;0;3;0;0;0;0;-1;0;19;0;0;2;0;0;-1;2;-1;0;1;4
org.eclipse.jdt.internal.codeassist.select;0;0;5;0;0;0;0;5;0;0;0;-1;0;34;0;2;0;0;0;-1;2;-1;0;3;1
org.eclipse.ui.forms.widgets;0;0;9;0;0;0;3;6;0;0;0;-1;0;585;0;4;2;0;0;-1;6;-1;0;1;0
org.eclipse.team.internal.ui.registry;0;0;4;0;0;0;0;4;0;0;0;-1;0;19;0;1;0;0;0;-1;1;-1;0;1;0
org.eclipse.help;0;0;3;0;0;0;0;3;0;0;0;-1;0;13;0;2;0;0;0;-1;2;-1;0;2;0
org.eclipse.update.internal.search;0;0;2;0;0;0;0;2;0;0;0;-1;0;0;0;0;0;0;0;-1;0;-1;0;0;0
org.eclipse.jdt.internal.eval;0;0;7;0;0;0;0;7;0;0;0;-1;0;0;0;4;0;0;0;-1;4;-1;0;0;17
org.eclipse.jdt.internal.debug.core;0;0;5;0;0;0;1;4;0;0;0;-1;0;0;0;2;0;0;0;-1;2;-1;0;0;0
org.eclipse.pde.internal.ui.model.plugin;0;0;4;0;0;0;1;3;0;0;0;-1;0;12;0;1;0;0;0;-1;1;-1;0;2;0
org.eclipse.jdt.core.search;0;0;7;0;0;0;0;7;0;0;0;-1;0;9;0;5;0;0;0;-1;5;-1;0;2;1
org.eclipse.osgi.service.pluginconversion;0;0;3;0;0;0;1;2;0;0;0;-1;0;0;0;0;0;0;0;-1;0;-1;0;0;0
org.eclipse.jdt.internal.ui.preferences;5;0;18;5;0;0;2;16;8390;0;1;16;8390;414;13;14;2;13;13;16;16;16;1;5;12
org.eclipse.jdt.internal.debug.ui.breakpoints;2;0;7;2;0;0;3;4;1216;0;1;32;1216;67;6;2;3;6;6;32;5;32;1;3;0
org.eclipse.pde.internal.core.plugin;2;0;11;2;0;0;2;9;2116;0;1;12;2116;51;11;8;2;11;11;12;10;12;1;2;1
org.eclipse.ui.contentassist;0;0;7;0;0;0;4;3;122;0;1;35;122;0;6;1;4;6;6;35;5;35;1;0;0
org.eclipse.jdt.internal.core.dom.rewrite;1;0;12;1;0;0;0;12;688;0;1;16;688;772;8;10;0;8;8;16;10;16;1;4;2
org.eclipse.ui.themes;0;0;3;0;0;0;0;3;0;0;0;-1;0;0;0;1;0;0;0;-1;1;-1;0;0;1
org.eclipse.jdt.internal.ui.text.folding;0;0;6;0;0;0;2;4;0;0;0;-1;0;0;0;3;1;0;0;-1;4;-1;0;0;0
org.eclipse.jdt.internal.ui.refactoring.nls.search;0;0;3;0;0;0;1;2;0;0;0;-1;0;0;0;0;0;0;0;-1;0;-1;0;0;1
org.eclipse.pde.internal.build.tasks;0;0;8;0;0;0;1;7;0;0;0;-1;0;0;0;5;0;0;0;-1;5;-1;0;0;0
org.eclipse.jdt.internal.corext.refactoring.structure.constraints;0;0;11;0;0;0;2;9;6197;0;1;32;6197;0;11;8;2;11;11;32;10;32;1;0;1
org.eclipse.ui.internal.texteditor.quickdiff.compare.rangedifferencer;0;0;8;0;0;0;2;6;0;0;0;-1;0;372;0;3;0;0;0;-1;3;-1;0;3;0
org.eclipse.jdt.internal.ui.refactoring.contentassist;1;0;11;1;0;0;2;9;255;0;1;35;255;0;6;7;2;6;6;35;9;35;1;1;0
org.eclipse.pde.internal.ui.view;1;0;8;1;0;0;0;8;1311;0;1;7;1311;6;7;6;0;7;7;7;6;7;1;2;0
org.eclipse.osgi.util;0;0;7;0;0;0;3;4;0;0;0;-1;0;0;0;3;2;0;0;-1;5;-1;0;0;1
org.eclipse.ui.texteditor.templates;0;0;6;0;0;0;1;5;0;0;0;-1;0;0;0;3;0;0;0;-1;3;-1;0;0;1
org.eclipse.pde.internal.runtime.registry;0;0;4;0;0;0;0;4;0;0;0;-1;0;20;0;2;0;0;0;-1;2;-1;0;1;18
org.eclipse.core.runtime.jobs;0;0;8;0;0;0;2;6;0;0;0;-1;0;19;0;4;1;0;0;-1;5;-1;0;1;0
org.eclipse.ant.internal.ui.editor.formatter;0;0;5;0;0;0;1;4;0;0;0;-1;0;10;0;2;0;0;0;-1;2;-1;0;1;0
org.eclipse.jdt.internal.ui.wizards.dialogfields;0;0;4;0;0;0;1;3;0;0;0;-1;0;19;0;0;0;0;0;-1;0;-1;0;3;0
org.eclipse.team.internal.ui.synchronize.actions;0;0;6;0;0;0;0;6;0;0;0;-1;0;391;0;4;0;0;0;-1;4;-1;0;2;0
org.eclipse.help.internal.search;0;0;7;0;0;0;1;6;0;0;0;-1;0;12;0;4;0;0;0;-1;4;-1;0;2;0
org.eclipse.ui.internal.browser;0;0;4;0;0;0;1;3;0;0;0;-1;0;66;0;2;1;0;0;-1;3;-1;0;3;0
org.eclipse.team.internal.ui;0;0;7;0;0;0;0;7;0;0;0;-1;0;0;0;5;0;0;0;-1;5;-1;0;0;3
org.eclipse.help.browser;0;0;1;0;0;0;0;1;0;0;0;-1;0;0;0;0;0;0;0;-1;0;-1;0;0;0
org.eclipse.debug.ui.sourcelookup;0;0;4;0;0;0;0;4;0;0;0;-1;0;0;0;2;0;0;0;-1;2;-1;0;0;0
org.eclipse.ui.internal.commands;0;0;9;0;0;0;0;9;2130;0;1;25;2130;0;8;7;0;8;8;25;7;25;1;0;0
org.eclipse.team.internal.core;0;0;6;0;0;0;0;6;0;0;0;-1;0;22;0;3;0;0;0;-1;3;-1;0;1;3
org.eclipse.ui.internal.part.components.services;0;0;2;0;0;0;0;2;0;0;0;-1;0;0;0;1;0;0;0;-1;1;-1;0;1;0
org.eclipse.pde.internal.ui.editor.plugin.rows;0;0;5;0;0;0;0;5;0;0;0;-1;0;0;0;1;0;0;0;-1;1;-1;0;0;0
org.eclipse.jdt.launching.sourcelookup.containers;0;0;5;0;0;0;1;4;0;0;0;-1;0;0;0;2;0;0;0;-1;2;-1;0;0;0
org.eclipse.search2.internal.ui;0;0;6;0;0;0;2;4;0;0;0;-1;0;46;0;1;1;0;0;-1;2;-1;0;3;1
org.eclipse.jdt.internal.ui.filters;0;0;4;0;0;0;1;3;0;0;0;-1;0;40;0;1;0;0;0;-1;1;-1;0;3;0
org.eclipse.ui.wizards;0;0;5;0;0;0;1;4;0;0;0;-1;0;13;0;3;0;0;0;-1;3;-1;0;3;0
org.eclipse.jdt.internal.corext.refactoring.typeconstraints.typesets;0;0;4;0;0;0;2;2;0;0;0;-1;0;0;0;1;1;0;0;-1;2;-1;0;1;1
org.eclipse.jface.bindings.keys.formatting;0;0;6;0;0;0;0;6;926;0;1;25;926;0;6;5;0;6;6;25;5;25;1;0;0
org.eclipse.ui.internal.ide.misc;0;0;5;0;0;0;1;4;0;0;0;-1;0;0;0;2;0;0;0;-1;2;-1;0;0;0
org.eclipse.pde.internal.ui.editor.plugin;0;0;7;0;0;0;0;7;0;0;0;-1;0;537;0;5;0;0;0;-1;5;-1;0;2;0
org.eclipse.ui.internal.misc;0;0;6;0;0;0;0;6;0;0;0;-1;0;201;0;3;0;0;0;-1;3;-1;0;3;1
org.eclipse.ui.internal.components.util;0;0;2;0;0;0;0;2;0;0;0;-1;0;0;0;1;0;0;0;-1;1;-1;0;1;0
org.eclipse.jdt.internal.corext.refactoring.structure;1;0;30;1;0;0;6;24;18818;0;1;1;18818;0;30;23;6;30;30;1;29;1;1;2;1
org.eclipse.jdt.internal.compiler.env;0;0;5;0;0;0;0;5;0;0;0;-1;0;85;0;2;0;0;0;-1;2;-1;0;3;0
org.eclipse.help.search;0;0;5;0;0;0;1;4;0;0;0;-1;0;0;0;3;0;0;0;-1;3;-1;0;0;0
org.eclipse.jdt.internal.compiler.lookup;0;0;9;0;0;0;1;8;0;0;0;-1;0;29;0;5;0;0;0;-1;5;-1;0;5;53
org.eclipse.core.runtime.internal.stats;0;0;2;0;0;0;2;0;0;0;0;-1;0;0;0;0;1;0;0;-1;1;-1;0;1;0
org.eclipse.help.internal.model;0;0;2;0;0;0;0;2;0;0;0;-1;0;0;0;1;0;0;0;-1;1;-1;0;0;0
org.eclipse.jdt.internal.compiler.util;0;0;3;0;0;0;0;3;0;0;0;-1;0;8;0;0;0;0;0;-1;0;-1;0;2;5
org.eclipse.core.internal.refresh;0;0;8;0;0;0;1;7;0;0;0;-1;0;0;0;4;0;0;0;-1;4;-1;0;0;2
org.eclipse.help.internal.webapp.servlet;0;0;5;0;0;0;2;3;0;0;0;-1;0;0;0;0;1;0;0;-1;1;-1;0;0;0
org.eclipse.jdt.internal.ui.typehierarchy;0;0;4;0;0;0;0;4;0;0;0;-1;0;56;0;2;0;0;0;-1;2;-1;0;3;0
org.eclipse.ant.internal.ui.editor.actions;1;0;14;1;0;0;2;12;485;0;1;15;485;45;14;11;2;14;14;15;13;15;1;1;0
org.eclipse.update.internal.configurator;0;0;4;0;0;0;0;4;0;0;0;-1;0;65;0;1;0;0;0;-1;1;-1;0;2;0
org.eclipse.ui.internal.progress;0;0;5;0;0;0;0;5;0;0;0;-1;0;188;0;2;0;0;0;-1;2;-1;0;1;4
org.eclipse.jdt.internal.junit.ui;0;0;7;0;0;0;1;6;0;0;0;-1;0;102;0;4;0;0;0;-1;4;-1;0;4;6
org.eclipse.debug.ui.memory;2;0;6;2;0;0;0;6;1478;0;1;28;1478;91;6;5;0;6;6;28;5;28;1;3;0
org.eclipse.ant.internal.ui.views.actions;0;0;6;0;0;0;0;6;0;0;0;-1;0;0;0;4;0;0;0;-1;4;-1;0;0;0
org.eclipse.jdt.internal.compiler.problem;0;0;6;0;0;0;1;5;0;0;0;-1;0;8;0;3;0;0;0;-1;3;-1;0;1;4
org.eclipse.jdt.internal.debug.core.refactoring;0;0;4;0;0;0;0;4;0;0;0;-1;0;26;0;2;0;0;0;-1;2;-1;0;2;0
org.eclipse.ui.branding;0;0;2;0;0;0;0;2;0;0;0;-1;0;0;0;0;0;0;0;-1;0;-1;0;0;0
org.eclipse.search.ui.text;0;0;4;0;0;0;0;4;0;0;0;-1;0;23;0;1;0;0;0;-1;1;-1;0;3;0
org.eclipse.ui.editors.text;0;0;7;0;0;0;2;5;0;0;0;-1;0;0;0;3;0;0;0;-1;3;-1;0;0;0
org.eclipse.ui.internal.actions;0;0;6;0;0;0;0;6;0;0;0;-1;0;159;0;4;0;0;0;-1;4;-1;0;3;1
org.eclipse.ui.wizards.newresource;0;0;7;0;0;0;1;6;0;0;0;-1;0;0;0;4;0;0;0;-1;4;-1;0;0;0
org.eclipse.core.internal.resources.mapping;0;0;3;0;0;0;1;2;0;0;0;-1;0;0;0;1;0;0;0;-1;1;-1;0;1;0
org.eclipse.ui.ide.dialogs;0;0;7;0;0;0;2;5;0;0;0;-1;0;2;0;3;2;0;0;-1;5;-1;0;2;1
org.eclipse.jface.text.templates;0;0;8;0;0;0;3;5;0;0;0;-1;0;0;0;3;1;0;0;-1;4;-1;0;0;0
org.eclipse.jdi.internal.spy;0;0;4;0;0;0;0;4;0;0;0;-1;0;8;0;1;0;0;0;-1;1;-1;0;1;0
org.eclipse.jface.action;0;0;3;0;0;0;0;3;0;0;0;-1;0;1129;0;1;0;0;0;-1;1;-1;0;3;4
org.eclipse.pde.internal.core.ifeature;0;0;3;0;0;0;0;3;0;0;0;-1;0;14;0;2;0;0;0;-1;2;-1;0;1;0
org.eclipse.ui.texteditor.spelling;0;0;7;0;0;0;2;5;0;0;0;-1;0;42;0;3;1;0;0;-1;4;-1;0;2;0
org.eclipse.team.internal.core.streams;0;0;2;0;0;0;0;2;0;0;0;-1;0;6;0;1;0;0;0;-1;1;-1;0;1;0
org.eclipse.team.internal.ccvs.ui.operations;1;0;12;1;0;0;0;12;1058;0;1;8;1058;208;9;10;0;9;9;8;10;8;1;1;5
org.eclipse.jdt.internal.compiler;0;0;7;0;0;0;0;7;0;0;0;-1;0;0;0;4;0;0;0;-1;4;-1;0;0;9
org.eclipse.jdt.internal.codeassist;0;0;9;0;0;0;1;8;933;0;1;1;933;0;6;6;0;6;6;1;6;1;1;0;2
org.eclipse.swt.internal.carbon;1;0;24;1;0;0;6;18;116;14;2;7;189;0;14;16;6;24;24;31;22;31;2;1;1
org.eclipse.ui.internal.ide.update;0;0;3;0;0;0;0;3;0;0;0;-1;0;100;0;1;0;0;0;-1;1;-1;0;2;0
org.eclipse.update.internal.ui.model;0;0;7;0;0;0;0;7;145;0;1;12;145;0;6;5;0;6;6;12;5;12;1;0;0
com.sun.jdi;0;0;3;0;0;0;0;3;0;0;0;-1;0;160;0;1;0;0;0;-1;1;-1;0;3;0
org.eclipse.jface.viewers.deferred;0;0;4;0;0;0;0;4;0;0;0;-1;0;0;0;3;0;0;0;-1;3;-1;0;0;0
org.eclipse.ui.texteditor.quickdiff;0;0;7;0;0;0;2;5;0;0;0;-1;0;0;0;3;1;0;0;-1;4;-1;0;0;0
org.eclipse.swt.internal.motif;0;0;11;0;0;0;0;11;5373;0;1;7;5373;62;10;9;0;10;10;7;9;7;1;2;0
org.eclipse.core.internal.model;0;0;4;0;0;0;0;4;0;0;0;-1;0;8;0;3;0;0;0;-1;3;-1;0;1;0
org.eclipse.ant.internal.core;0;0;3;0;0;0;0;3;0;0;0;-1;0;39;0;1;0;0;0;-1;1;-1;0;1;1
org.eclipse.swt.internal.ole.win32;0;0;4;0;0;0;0;4;0;0;0;-1;0;105;0;2;0;0;0;-1;2;-1;0;2;0
org.eclipse.update.internal.ui;0;0;8;0;0;0;3;5;0;0;0;-1;0;0;0;3;3;0;0;-1;6;-1;0;0;1
org.eclipse.swt.events;0;0;3;0;0;0;0;3;0;0;0;-1;0;36;0;1;0;0;0;-1;1;-1;0;1;1
org.eclipse.jdt.internal.ui.text.template.preferences;0;0;4;0;0;0;1;3;0;0;0;-1;0;56;0;2;1;0;0;-1;3;-1;0;3;0
org.eclipse.help.ui.internal.search;0;0;3;0;0;0;0;3;0;0;0;-1;0;0;0;2;0;0;0;-1;2;-1;0;0;0
org.eclipse.help.internal.context;0;0;5;0;0;0;0;5;0;0;0;-1;0;8;0;2;0;0;0;-1;2;-1;0;1;0
org.eclipse.team.internal.ui.synchronize;0;0;5;0;0;0;0;5;0;0;0;-1;0;534;0;3;0;0;0;-1;3;-1;0;2;1
org.eclipse.jface.text.contentassist;1;0;13;1;0;0;3;10;781;0;1;5;781;56;10;9;2;10;10;5;11;5;1;2;0
org.eclipse.pde.internal.ui.wizards.templates;0;0;8;0;0;0;0;8;0;0;0;-1;0;143;0;5;0;0;0;-1;5;-1;0;3;0
org.eclipse.ui.externaltools.internal.menu;0;0;2;0;0;0;0;2;0;0;0;-1;0;24;0;0;0;0;0;-1;0;-1;0;1;0
org.eclipse.pde.internal.ui.editor.build;0;0;7;0;0;0;0;7;0;0;0;-1;0;8;0;4;0;0;0;-1;4;-1;0;1;0
org.eclipse.core.internal.expressions;0;0;6;0;0;0;1;5;0;0;0;-1;0;48;0;2;0;0;0;-1;2;-1;0;1;0
org.eclipse.jdt.internal.ui.propertiesfileeditor;3;0;9;3;0;0;1;8;1824;0;1;24;1824;523;7;6;1;7;7;24;7;24;1;3;1
org.eclipse.jdt.internal.ui.wizards.buildpaths.newsourcepage;3;0;7;3;0;0;0;7;2832;0;1;28;2832;714;7;6;0;7;7;28;6;28;1;4;1
org.eclipse.update.internal.scheduler.preferences;0;0;3;0;0;0;1;2;0;0;0;-1;0;0;0;1;0;0;0;-1;1;-1;0;0;0
org.eclipse.pde.internal.ui.editor.context;0;0;6;0;0;0;0;6;0;0;0;-1;0;28;0;4;0;0;0;-1;4;-1;0;2;0
org.eclipse.jface.util;0;0;3;0;0;0;0;3;0;0;0;-1;0;367;0;1;0;0;0;-1;1;-1;0;2;1
org.eclipse.jdt.internal.compiler.impl;0;0;13;0;0;0;0;13;311;0;1;1;311;0;10;11;0;10;10;1;11;1;1;0;2
org.eclipse.ui.internal.texteditor.spelling;0;0;5;0;0;0;2;3;0;0;0;-1;0;0;0;1;0;0;0;-1;1;-1;0;0;0
org.eclipse.swt.widgets;4;0;16;4;0;0;1;15;20089;0;1;0;20089;1468;15;14;0;15;15;0;14;0;1;8;78
org.eclipse.ui.internal.activities;0;0;3;0;0;0;0;3;0;0;0;-1;0;423;0;1;0;0;0;-1;1;-1;0;3;0
org.eclipse.ui.internal.intro.impl.model.loader;0;0;14;0;0;0;5;9;865;0;1;23;865;0;11;7;5;11;11;23;12;23;1;0;0
org.eclipse.jdt.internal.corext.dom;0;0;7;0;0;0;1;6;0;0;0;-1;0;669;0;4;0;0;0;-1;4;-1;0;4;0
org.eclipse.ui.views.navigator;0;0;7;0;0;0;2;5;0;0;0;-1;0;1022;0;3;1;0;0;-1;4;-1;0;3;4
org.eclipse.osgi.framework.debug;0;0;6;0;0;0;3;3;0;0;0;-1;0;0;0;1;3;0;0;-1;4;-1;0;0;1
org.eclipse.pde.ui.internal.samples;0;0;7;0;0;0;1;6;0;0;0;-1;0;0;0;4;1;0;0;-1;5;-1;0;0;0
org.eclipse.team.internal.ui.actions;0;0;3;0;0;0;0;3;0;0;0;-1;0;0;0;1;0;0;0;-1;1;-1;0;0;1
org.eclipse.ui.internal.texteditor;0;0;4;0;0;0;0;4;0;0;0;-1;0;44;0;1;0;0;0;-1;1;-1;0;2;1
org.eclipse.jface.contentassist;0;0;4;0;0;0;2;2;0;0;0;-1;0;14;0;0;0;0;0;-1;0;-1;0;1;0
org.eclipse.ui.views;0;0;5;0;0;0;0;5;0;0;0;-1;0;30;0;4;0;0;0;-1;4;-1;0;3;0
org.eclipse.core.internal.preferences;0;0;7;0;0;0;0;7;0;0;0;-1;0;8;0;5;0;0;0;-1;5;-1;0;1;3
org.eclipse.team.internal.ccvs.ssh;0;0;3;0;0;0;0;3;0;0;0;-1;0;57;0;1;0;0;0;-1;1;-1;0;1;0
org.eclipse.ui.internal.components;0;0;4;0;0;0;0;4;0;0;0;-1;0;28;0;3;0;0;0;-1;3;-1;0;2;0
org.eclipse.jdt.internal.corext.refactoring.changes;0;0;8;0;0;0;2;6;0;0;0;-1;0;121;0;3;1;0;0;-1;4;-1;0;3;0
org.eclipse.swt.internal.cairo;0;0;4;0;0;0;0;4;0;0;0;-1;0;0;0;3;0;0;0;-1;3;-1;0;0;0
org.eclipse.pde.core.build;0;0;3;0;0;0;1;2;0;0;0;-1;0;0;0;0;0;0;0;-1;0;-1;0;0;0
org.eclipse.jdt.internal.ui.text;2;0;13;2;0;0;2;11;1082;0;1;2;1082;99;11;10;0;11;11;2;10;2;1;3;1
org.eclipse.ant.internal.ui.preferences;0;0;10;0;0;0;1;9;0;0;0;-1;0;273;0;7;1;0;0;-1;8;-1;0;2;1
org.eclipse.osgi.framework.internal.protocol.reference;0;0;1;0;0;0;0;1;0;0;0;-1;0;6;0;0;0;0;0;-1;0;-1;0;1;0
org.eclipse.swt.browser;0;0;4;0;0;0;0;4;0;0;0;-1;0;487;0;2;0;0;0;-1;2;-1;0;2;7
org.eclipse.core.launcher;0;0;18;0;0;0;6;12;5513;0;1;28;5513;0;15;9;6;15;15;28;15;28;1;0;0
org.eclipse.jdt.internal.ui.viewsupport;0;0;6;0;0;0;0;6;0;0;0;-1;0;20;0;4;0;0;0;-1;4;-1;0;2;1
org.eclipse.jdt.internal.ui.util;0;0;5;0;0;0;1;4;0;0;0;-1;0;34;0;2;0;0;0;-1;2;-1;0;4;0
org.eclipse.jdt.internal.corext.refactoring.sef;0;0;5;0;0;0;0;5;0;0;0;-1;0;0;0;2;0;0;0;-1;2;-1;0;0;0
org.eclipse.osgi.framework.adaptor;2;0;7;2;0;0;1;6;247;0;1;29;247;114;6;5;0;6;6;29;5;29;1;2;0
org.eclipse.ant.core;0;0;4;0;0;0;0;4;0;0;0;-1;0;9;0;1;0;0;0;-1;1;-1;0;1;1
org.eclipse.jdt.core.dom.rewrite;0;0;4;0;0;0;0;4;0;0;0;-1;0;0;0;2;0;0;0;-1;2;-1;0;0;0
org.eclipse.osgi.framework.internal.reliablefile;0;0;3;0;0;0;1;2;0;0;0;-1;0;0;0;1;0;0;0;-1;1;-1;0;0;1
org.eclipse.core.internal.registry;0;0;8;0;0;0;0;8;0;0;0;-1;0;1025;0;5;0;0;0;-1;5;-1;0;3;0
org.eclipse.jface.text.source;0;0;9;0;0;0;2;7;0;0;0;-1;0;206;0;4;0;0;0;-1;4;-1;0;3;0
org.eclipse.pde.internal.ui.properties;0;0;4;0;0;0;0;4;0;0;0;-1;0;0;0;2;0;0;0;-1;2;-1;0;0;0
org.eclipse.ant.internal.ui.debug;0;0;4;0;0;0;0;4;0;0;0;-1;0;18;0;2;0;0;0;-1;2;-1;0;1;0
org.eclipse.jdt.internal.ui.search;0;0;6;0;0;0;0;6;0;0;0;-1;0;122;0;3;0;0;0;-1;3;-1;0;4;5
org.eclipse.jdt.internal.ui.refactoring.reorg;0;0;7;0;0;0;1;6;0;0;0;-1;0;51;0;3;0;0;0;-1;3;-1;0;3;5
org.eclipse.ui.internal.browser.browsers;0;0;3;0;0;0;0;3;0;0;0;-1;0;37;0;2;0;0;0;-1;2;-1;0;2;0
org.eclipse.swt.layout;0;0;11;0;0;0;1;10;0;0;0;-1;0;0;0;7;0;0;0;-1;7;-1;0;1;1
org.eclipse.pde.core;0;0;2;0;0;0;0;2;0;0;0;-1;0;6;0;1;0;0;0;-1;1;-1;0;1;0
org.eclipse.ui.forms.editor;0;0;5;0;0;0;2;3;0;0;0;-1;0;0;0;1;0;0;0;-1;1;-1;0;0;0
org.eclipse.jdt.internal.ui.macbundler;0;0;4;0;0;0;0;4;0;0;0;-1;0;44;0;1;0;0;0;-1;1;-1;0;1;0
org.eclipse.swt.dnd;0;0;3;0;0;0;0;3;0;0;0;-1;0;145;0;1;0;0;0;-1;1;-1;0;1;3
org.eclipse.jdt.internal.debug.eval;0;0;2;0;0;0;0;2;0;0;0;-1;0;10;0;0;0;0;0;-1;0;-1;0;2;0
org.eclipse.jdt.internal.corext.util;2;0;12;2;0;0;4;8;1158;0;1;35;1158;178;7;5;4;7;7;35;9;35;1;3;10
org.eclipse.osgi.service.resolver;3;0;6;3;0;0;2;4;1625;0;1;29;1625;81;6;3;2;6;6;29;5;29;1;3;0
org.eclipse.jface.text;0;0;9;0;0;0;2;7;0;0;0;-1;0;264;0;4;0;0;0;-1;4;-1;0;2;0
org.eclipse.jdt.internal.corext.refactoring.typeconstraints2;1;0;12;1;0;0;0;12;349;0;1;8;349;74;7;10;0;7;7;8;10;8;1;3;0
org.eclipse.core.runtime;0;0;4;0;0;0;1;3;0;0;0;-1;0;30;0;1;0;0;0;-1;1;-1;0;4;0
org.eclipse.ui.internal.layout;0;0;3;0;0;0;0;3;0;0;0;-1;0;2288;0;1;0;0;0;-1;1;-1;0;2;0
org.eclipse.ant.internal.ui.dtd;0;0;2;0;0;0;0;2;0;0;0;-1;0;24;0;0;0;0;0;-1;0;-1;0;1;0
org.eclipse.jdt.ui;0;0;5;0;0;0;1;4;0;0;0;-1;0;0;0;1;0;0;0;-1;1;-1;0;0;1
org.eclipse.jdt.debug.eval;0;0;2;0;0;0;0;2;0;0;0;-1;0;0;0;0;0;0;0;-1;0;-1;0;0;0
org.eclipse.jdt.internal.compiler.flow;0;0;3;0;0;0;0;3;0;0;0;-1;0;0;0;1;0;0;0;-1;1;-1;0;0;0
org.eclipse.ui.views.framelist;0;0;6;0;0;0;0;6;0;0;0;-1;0;120;0;4;0;0;0;-1;4;-1;0;3;0
org.eclipse.ui.internal.intro.impl;0;0;7;0;0;0;2;5;210;0;1;33;210;0;7;4;2;7;7;33;6;33;1;0;0
org.eclipse.ui.forms;0;0;4;0;0;0;0;4;0;0;0;-1;0;8;0;2;0;0;0;-1;2;-1;0;1;0
org.eclipse.ui.help;0;0;4;0;0;0;0;4;0;0;0;-1;0;0;0;2;0;0;0;-1;2;-1;0;0;0
org.eclipse.pde.internal.core.ibundle;0;0;2;0;0;0;0;2;0;0;0;-1;0;21;0;1;0;0;0;-1;1;-1;0;2;0
org.eclipse.ui.wizards.datatransfer;0;0;8;0;0;0;1;7;0;0;0;-1;0;92;0;4;0;0;0;-1;4;-1;0;1;2
org.eclipse.jdt.junit.wizards;0;0;11;0;0;0;7;4;362;0;1;39;362;0;11;3;7;11;11;39;10;39;1;0;3
org.eclipse.jdt.internal.junit.runner;0;0;5;0;0;0;1;4;0;0;0;-1;0;34;0;2;0;0;0;-1;2;-1;0;3;0
org.eclipse.search2.internal.ui.basic.views;0;0;4;0;0;0;1;3;0;0;0;-1;0;14;0;1;0;0;0;-1;1;-1;0;3;0
org.eclipse.jdt.internal.corext;0;0;4;0;0;0;1;3;0;0;0;-1;0;0;0;1;0;0;0;-1;1;-1;0;0;0
org.eclipse.ui.internal.ide.registry;0;0;5;0;0;0;2;3;0;0;0;-1;0;238;0;1;1;0;0;-1;2;-1;0;2;0
org.eclipse.ui.keys;0;0;4;0;0;0;0;4;0;0;0;-1;0;81;0;2;0;0;0;-1;2;-1;0;1;0
org.eclipse.core.runtime.content;0;0;5;0;0;0;0;5;0;0;0;-1;0;0;0;3;0;0;0;-1;3;-1;0;1;0
org.eclipse.jdt.launching.sourcelookup;0;0;4;0;0;0;0;4;0;0;0;-1;0;20;0;3;0;0;0;-1;3;-1;0;3;0
org.eclipse.jdt.core.formatter;0;0;2;0;0;0;0;2;0;0;0;-1;0;33;0;1;0;0;0;-1;1;-1;0;1;1
org.eclipse.jdt.internal.debug.ui.launcher;0;0;4;0;0;0;0;4;0;0;0;-1;0;29;0;1;0;0;0;-1;1;-1;0;2;0
org.eclipse.core.variables;0;0;2;0;0;0;0;2;0;0;0;-1;0;21;0;0;0;0;0;-1;0;-1;0;2;0
org.eclipse.jdt.internal.ui.refactoring.nls;0;0;6;0;0;0;2;4;0;0;0;-1;0;18;0;2;2;0;0;-1;4;-1;0;3;0
org.eclipse.ui.texteditor;2;0;10;2;0;0;1;9;1651;0;1;15;1651;1096;6;7;0;6;6;15;7;15;1;3;5
org.eclipse.ui.internal.wizards.preferences;0;0;5;0;0;0;5;0;0;0;0;-1;0;77;0;0;4;0;0;-1;4;-1;0;2;1
org.eclipse.team.internal.ccvs.core.connection;0;0;4;0;0;0;0;4;0;0;0;-1;0;28;0;2;0;0;0;-1;2;-1;0;1;1
org.eclipse.pde.internal.runtime;0;0;4;0;0;0;0;4;0;0;0;-1;0;0;0;2;0;0;0;-1;2;-1;0;0;4
org.eclipse.jdt.internal.corext.refactoring.typeconstraints.types;0;0;6;0;0;0;1;5;0;0;0;-1;0;59;0;4;0;0;0;-1;4;-1;0;2;0
org.eclipse.ui.internal.dialogs;0;0;4;0;0;0;0;4;0;0;0;-1;0;1026;0;2;0;0;0;-1;2;-1;0;5;20
org.eclipse.jdt.internal.codeassist.impl;0;0;15;0;0;0;2;13;563;0;1;1;563;0;11;11;2;11;11;1;13;1;1;0;2
org.eclipse.jdt.internal.ui.text.javadoc;0;0;6;0;0;0;1;5;0;0;0;-1;0;254;0;2;1;0;0;-1;3;-1;0;5;0
org.osgi.service.condpermadmin;0;0;6;0;0;0;3;3;0;0;0;-1;0;96;0;2;2;0;0;-1;4;-1;0;1;8
org.eclipse.update.internal.ui.preferences;0;0;6;0;0;0;1;5;0;0;0;-1;0;0;0;3;1;0;0;-1;4;-1;0;0;0
org.eclipse.pde.internal.core.isite;0;0;3;0;0;0;0;3;0;0;0;-1;0;12;0;1;0;0;0;-1;1;-1;0;2;0
org.eclipse.ui.internal.cheatsheets.data;0;0;3;0;0;0;0;3;0;0;0;-1;0;24;0;1;0;0;0;-1;1;-1;0;1;0
org.eclipse.debug.ui.console;0;0;6;0;0;0;0;6;0;0;0;-1;0;0;0;3;0;0;0;-1;3;-1;0;0;0
org.eclipse.core.internal.content;2;0;17;2;0;0;6;11;3547;0;1;30;3547;225;14;8;6;14;14;30;14;30;1;2;0
org.eclipse.jdt.internal.core;0;0;6;0;0;0;0;6;0;0;0;-1;0;196;0;3;0;0;0;-1;3;-1;0;4;24
org.eclipse.pde.internal.ui.wizards;0;0;4;0;0;0;0;4;0;0;0;-1;0;0;0;1;0;0;0;-1;1;-1;0;0;0
org.eclipse.jdt.internal.compiler.ast;0;0;11;0;0;0;2;9;0;0;0;-1;0;75;0;5;2;0;0;-1;7;-1;0;4;90
org.eclipse.ui.internal.ide.dialogs;0;0;6;0;0;0;1;5;0;0;0;-1;0;2221;0;3;0;0;0;-1;3;-1;0;3;5
org.eclipse.debug.internal.ui.stringsubstitution;0;0;3;0;0;0;0;3;0;0;0;-1;0;75;0;1;0;0;0;-1;1;-1;0;2;0
org.eclipse.jdt.ui.actions;0;0;6;0;0;0;0;6;0;0;0;-1;0;42;0;4;0;0;0;-1;4;-1;0;4;3
org.eclipse.help.internal.webapp.data;0;0;5;0;0;0;1;4;0;0;0;-1;0;205;0;2;0;0;0;-1;2;-1;0;2;0
org.eclipse.pde.internal.core.product;0;0;5;0;0;0;0;5;0;0;0;-1;0;36;0;4;0;0;0;-1;4;-1;0;2;0
org.eclipse.swt.internal.accessibility.gtk;0;0;4;0;0;0;0;4;0;0;0;-1;0;0;0;2;0;0;0;-1;2;-1;0;0;0
org.eclipse.pde.internal.ui.wizards.exports;0;0;9;0;0;0;2;7;1642;0;1;34;1642;0;8;5;2;8;8;34;7;34;1;0;0
org.eclipse.jdt.internal.debug.ui.display;0;0;8;0;0;0;1;7;0;0;0;-1;0;0;0;4;0;0;0;-1;4;-1;0;0;0
com.sun.jdi.request;0;0;4;0;0;0;0;4;0;0;0;-1;0;12;0;1;0;0;0;-1;1;-1;0;2;0
org.eclipse.team.internal.ccvs.core.client.listeners;0;0;5;0;0;0;0;5;0;0;0;-1;0;6;0;3;0;0;0;-1;3;-1;0;1;0
org.eclipse.jdt.debug.ui;0;0;2;0;0;0;0;2;0;0;0;-1;0;0;0;0;0;0;0;-1;0;-1;0;0;0
org.eclipse.osgi.framework.internal.core;0;0;8;0;0;0;1;7;0;0;0;-1;0;178;0;5;0;0;0;-1;5;-1;0;4;38
org.eclipse.osgi.framework.log;0;0;2;0;0;0;1;1;0;0;0;-1;0;0;0;0;0;0;0;-1;0;-1;0;0;0
org.eclipse.jdt.internal.corext.refactoring.code;0;0;6;0;0;0;0;6;0;0;0;-1;0;0;0;4;0;0;0;-1;4;-1;0;0;6
org.eclipse.platform.internal;0;0;2;0;0;0;1;1;0;0;0;-1;0;0;0;0;0;0;0;-1;0;-1;0;0;0
org.eclipse.ant.internal.ui.antsupport.logger.util;0;0;2;0;0;0;0;2;0;0;0;-1;0;0;0;1;0;0;0;-1;1;-1;0;0;0
org.eclipse.ui.internal.texteditor.quickdiff;0;0;11;0;0;0;2;9;0;0;0;-1;0;322;0;6;1;0;0;-1;7;-1;0;3;1
org.eclipse.ant.internal.ui.dtd.schema;0;0;4;0;0;0;0;4;0;0;0;-1;0;36;0;2;0;0;0;-1;2;-1;0;1;0
org.eclipse.jdt.debug.ui.launchConfigurations;0;0;6;0;0;0;0;6;0;0;0;-1;0;0;0;3;0;0;0;-1;3;-1;0;0;0
org.eclipse.jdi.internal;0;0;5;0;0;0;0;5;0;0;0;-1;0;194;0;2;0;0;0;-1;2;-1;0;4;1
org.eclipse.core.commands.common;0;0;6;0;0;0;0;6;229;0;1;30;229;0;6;5;0;6;6;30;5;30;1;0;1
org.eclipse.ui.views.contentoutline;0;0;7;0;0;0;0;7;0;0;0;-1;0;0;0;5;0;0;0;-1;5;-1;0;0;0
org.eclipse.pde.internal.core.site;0;0;5;0;0;0;0;5;0;0;0;-1;0;10;0;2;0;0;0;-1;2;-1;0;2;0
org.eclipse.jdt.internal.core.search.matching;4;0;11;4;0;0;0;11;4108;0;1;16;4108;2107;9;9;0;9;9;16;9;16;1;7;6
org.eclipse.jdt.internal.debug.ui;1;0;7;1;0;0;0;7;727;0;1;1;727;388;6;5;0;6;6;1;5;1;1;5;9
org.eclipse.jdt.internal.ui;0;0;9;0;0;0;1;8;72;0;1;8;72;32;7;6;0;7;7;8;6;8;1;4;4
org.eclipse.pde.internal;0;0;3;0;0;0;0;3;0;0;0;-1;0;0;0;0;0;0;0;-1;0;-1;0;0;2
org.eclipse.pde.internal.ui.editor.site;2;0;8;2;0;0;0;8;2787;0;1;25;2787;100;6;5;0;6;6;25;5;25;1;2;0
org.eclipse.ui.progress;0;0;4;0;0;0;0;4;0;0;0;-1;0;68;0;2;0;0;0;-1;2;-1;0;2;0
org.eclipse.text.edits;0;0;7;0;0;0;2;5;0;0;0;-1;0;178;0;3;0;0;0;-1;3;-1;0;2;0
org.eclipse.ant.internal.ui.model;1;0;13;1;0;0;1;12;3860;0;1;14;3860;133;12;11;0;12;12;14;11;14;1;2;2
org.eclipse.ui.internal.intro.impl.util;0;0;9;0;0;0;3;6;295;0;1;30;295;0;8;4;3;8;8;30;7;30;1;0;0
org.eclipse.jdt.internal.ui.dialogs;2;0;10;2;0;0;0;10;2619;0;1;18;2619;352;7;8;0;7;7;18;8;18;1;3;4
org.eclipse.ant.internal.ui.editor.text;0;0;5;0;0;0;1;4;0;0;0;-1;0;65;0;2;0;0;0;-1;2;-1;0;1;3
org.eclipse.ant.internal.ui.dtd.util;0;0;2;0;0;0;0;2;0;0;0;-1;0;0;0;1;0;0;0;-1;1;-1;0;0;1
org.eclipse.ui.internal.cheatsheets.views;0;0;4;0;0;0;2;2;0;0;0;-1;0;8;0;1;1;0;0;-1;2;-1;0;1;0
org.eclipse.pde.internal.ui.wizards.imports;1;0;17;1;0;0;5;12;2187;10;2;7;2295;322;10;10;5;17;17;35;15;35;2;1;0
org.eclipse.ui.part;0;0;4;0;0;0;0;4;0;0;0;-1;0;763;0;2;0;0;0;-1;2;-1;0;2;1
org.osgi.service.packageadmin;0;0;4;0;0;0;1;3;0;0;0;-1;0;0;0;2;0;0;0;-1;2;-1;0;0;3
org.eclipse.help.internal.base.util;0;0;4;0;0;0;0;4;0;0;0;-1;0;0;0;1;0;0;0;-1;1;-1;0;0;0
org.eclipse.core.internal.utils;0;0;5;0;0;0;0;5;0;0;0;-1;0;0;0;2;0;0;0;-1;2;-1;0;0;2
org.eclipse.pde.internal.core.build;0;0;5;0;0;0;0;5;0;0;0;-1;0;0;0;3;0;0;0;-1;3;-1;0;0;0
org.eclipse.pde.internal.ui.elements;0;0;2;0;0;0;0;2;0;0;0;-1;0;0;0;1;0;0;0;-1;1;-1;0;0;0
org.eclipse.jface.preference;0;0;4;0;0;0;0;4;0;0;0;-1;0;812;0;2;0;0;0;-1;2;-1;0;2;1
org.eclipse.jdt.launching;0;0;5;0;0;0;0;5;0;0;0;-1;0;13;0;3;0;0;0;-1;3;-1;0;4;2
org.eclipse.ant.internal.ui.launchConfigurations;0;0;6;0;0;0;0;6;0;0;0;-1;0;152;0;4;0;0;0;-1;4;-1;0;3;10
org.eclipse.core.expressions;0;0;2;0;0;0;0;2;0;0;0;-1;0;23;0;1;0;0;0;-1;1;-1;0;3;0
org.eclipse.help.internal.protocols;0;0;6;0;0;0;2;4;0;0;0;-1;0;0;0;2;2;0;0;-1;4;-1;0;0;0
org.eclipse.jdt.ui.wizards;0;0;7;0;0;0;1;6;0;0;0;-1;0;183;0;4;0;0;0;-1;4;-1;0;5;3
org.eclipse.jdt.internal.corext.refactoring.rename;0;0;12;0;0;0;1;11;1108;0;1;18;1108;0;10;9;1;10;10;18;10;18;1;0;2
org.eclipse.core.internal.dtree;0;0;6;0;0;0;0;6;0;0;0;-1;0;161;0;4;0;0;0;-1;4;-1;0;2;0
org.eclipse.jdt.internal.ui.preferences.formatter;0;0;8;0;0;0;1;7;0;0;0;-1;0;12;0;5;0;0;0;-1;5;-1;0;2;1
org.eclipse.core.internal.variables;0;0;4;0;0;0;0;4;0;0;0;-1;0;16;0;2;0;0;0;-1;2;-1;0;1;0
org.eclipse.jface.wizard;0;0;4;0;0;0;0;4;0;0;0;-1;0;524;0;1;0;0;0;-1;1;-1;0;1;0
org.eclipse.pde.internal.runtime.logview;1;0;7;1;0;0;0;7;1834;0;1;25;1834;20;6;5;0;6;6;25;5;25;1;1;0
org.eclipse.ant.internal.core.ant;1;0;12;1;0;0;1;11;702;0;1;13;702;14;12;10;1;12;12;13;11;13;1;1;0
org.eclipse.ant.internal.ui;0;0;6;0;0;0;0;6;0;0;0;-1;0;28;0;4;0;0;0;-1;4;-1;0;1;3
org.eclipse.jdt.internal.ui.refactoring.code;0;0;8;0;0;0;1;7;127;0;1;22;127;0;7;5;1;7;7;22;6;22;1;0;0
org.eclipse.swt.internal.image;0;0;4;0;0;0;0;4;0;0;0;-1;0;40;0;2;0;0;0;-1;2;-1;0;1;1
org.eclipse.debug.internal.ui.views.console;0;0;7;0;0;0;1;6;0;0;0;-1;0;56;0;3;0;0;0;-1;3;-1;0;3;1
org.eclipse.core.boot;0;0;2;0;0;0;0;2;0;0;0;-1;0;0;0;1;0;0;0;-1;1;-1;0;0;0
org.eclipse.ui.preferences;0;0;7;0;0;0;0;7;0;0;0;-1;0;12;0;5;0;0;0;-1;5;-1;0;3;1
org.eclipse.ant.internal.ui.editor.utils;0;0;14;0;0;0;4;10;276;0;1;7;276;0;14;9;4;14;14;7;13;7;1;0;0
org.eclipse.ant.internal.ui.console;0;0;6;0;0;0;2;4;0;0;0;-1;0;0;0;2;1;0;0;-1;3;-1;0;0;0
org.eclipse.update.operations;0;0;2;0;0;0;0;2;0;0;0;-1;0;16;0;1;0;0;0;-1;1;-1;0;1;0
org.eclipse.ui.internal.application;0;0;2;0;0;0;0;2;0;0;0;-1;0;0;0;1;0;0;0;-1;1;-1;0;0;0
org.osgi.util.tracker;0;0;5;0;0;0;1;4;0;0;0;-1;0;0;0;3;0;0;0;-1;3;-1;0;0;0
org.eclipse.pde.internal.ui.search;0;0;3;0;0;0;0;3;0;0;0;-1;0;71;0;1;0;0;0;-1;1;-1;0;2;0
org.eclipse.jdt.internal.ui.refactoring;0;0;9;0;0;0;1;8;0;0;0;-1;0;31;0;5;1;0;0;-1;6;-1;0;3;1
org.eclipse.jdt.internal.ui.callhierarchy;0;0;5;0;0;0;0;5;0;0;0;-1;0;82;0;3;0;0;0;-1;3;-1;0;3;1
org.eclipse.jdt.internal.ui.wizards;0;0;6;0;0;0;1;5;0;0;0;-1;0;16;0;2;1;0;0;-1;3;-1;0;3;14
org.eclipse.jface.text.hyperlink;0;0;7;0;0;0;2;5;0;0;0;-1;0;0;0;3;1;0;0;-1;4;-1;0;0;0
org.eclipse.ui.internal.editorsupport.win32;0;0;5;0;0;0;1;4;0;0;0;-1;0;0;0;2;0;0;0;-1;2;-1;0;0;1
org.eclipse.jdt.internal.ui.actions;3;0;9;3;0;0;2;7;860;0;1;16;860;55;8;5;2;8;8;16;7;16;1;4;4
org.eclipse.core.internal.properties;0;0;5;0;0;0;0;5;0;0;0;-1;0;10;0;4;0;0;0;-1;4;-1;0;2;0
org.eclipse.update.internal.ui.properties;0;0;3;0;0;0;0;3;0;0;0;-1;0;20;0;1;0;0;0;-1;1;-1;0;1;0
org.eclipse.update.internal.scheduler;0;0;6;0;0;0;0;6;0;0;0;-1;0;20;0;4;0;0;0;-1;4;-1;0;1;0
org.eclipse.ltk.internal.ui.refactoring.util;0;0;2;0;0;0;0;2;0;0;0;-1;0;0;0;1;0;0;0;-1;1;-1;0;0;0
org.eclipse.jdt.internal.corext.callhierarchy;0;0;7;0;0;0;2;5;0;0;0;-1;0;24;0;1;1;0;0;-1;2;-1;0;3;0
org.eclipse.pde.ui.templates;0;0;4;0;0;0;0;4;0;0;0;-1;0;0;0;2;0;0;0;-1;2;-1;0;0;0
org.eclipse.pde.internal.ui.wizards.extension;0;0;7;0;0;0;0;7;0;0;0;-1;0;0;0;4;0;0;0;-1;4;-1;0;0;0
org.eclipse.jdt.internal.ui.javadocexport;0;0;6;0;0;0;2;4;0;0;0;-1;0;0;0;1;2;0;0;-1;3;-1;0;0;1
org.eclipse.jdt.internal.corext.refactoring.nls.changes;0;0;7;0;0;0;2;5;0;0;0;-1;0;0;0;2;1;0;0;-1;3;-1;0;0;0
org.eclipse.compare.rangedifferencer;0;0;3;0;0;0;0;3;0;0;0;-1;0;0;0;1;0;0;0;-1;1;-1;0;0;0
org.eclipse.ui.cheatsheets;0;0;3;0;0;0;0;3;0;0;0;-1;0;8;0;1;0;0;0;-1;1;-1;0;1;0
org.eclipse.search.internal.core.text;0;0;6;0;0;0;0;6;0;0;0;-1;0;94;0;4;0;0;0;-1;4;-1;0;3;1
org.eclipse.jdt.internal.ui.dnd;0;0;5;0;0;0;1;4;0;0;0;-1;0;0;0;2;0;0;0;-1;2;-1;0;0;0
org.eclipse.update.internal.configurator.branding;0;0;4;0;0;0;0;4;0;0;0;-1;0;0;0;2;0;0;0;-1;2;-1;0;0;0
org.eclipse.ui.internal.intro.impl.model;2;0;17;2;0;0;8;9;3332;0;1;30;3332;417;13;7;8;13;13;30;15;30;1;2;0
org.eclipse.help.ui.internal.browser.embedded;0;0;6;0;0;0;2;4;0;0;0;-1;0;0;0;2;2;0;0;-1;4;-1;0;0;0
org.eclipse.pde.internal.ui.wizards.plugin;0;0;7;0;0;0;0;7;0;0;0;-1;0;136;0;4;0;0;0;-1;4;-1;0;1;0
org.eclipse.team.ui;0;0;9;0;0;0;2;7;0;0;0;-1;0;0;0;4;1;0;0;-1;5;-1;0;0;0
org.eclipse.jface.text.information;0;0;4;0;0;0;2;2;0;0;0;-1;0;0;0;1;0;0;0;-1;1;-1;0;0;0
org.eclipse.jdt.internal.formatter.comment;0;0;2;0;0;0;0;2;0;0;0;-1;0;0;0;1;0;0;0;-1;1;-1;0;1;0
org.eclipse.pde.internal.ui.launcher;1;0;12;1;0;0;2;10;1513;0;1;32;1513;30;6;7;2;6;6;32;9;32;1;2;0
org.eclipse.debug.internal.ui.views.registers;0;0;5;0;0;0;1;4;0;0;0;-1;0;80;0;2;0;0;0;-1;2;-1;0;2;1
org.eclipse.ui.internal.forms.widgets;0;0;7;0;0;0;2;5;0;0;0;-1;0;294;0;3;1;0;0;-1;4;-1;0;1;0
org.eclipse.core.commands;2;0;6;2;0;0;0;6;2673;0;1;30;2673;58;6;5;0;6;6;30;5;30;1;2;4
org.eclipse.debug.internal.ui;0;0;10;0;0;0;0;10;0;0;0;-1;0;229;0;7;0;0;0;-1;7;-1;0;3;8
org.eclipse.ui.views.markers.internal;0;0;3;0;0;0;0;3;0;0;0;-1;0;1744;0;1;0;0;0;-1;1;-1;0;3;9
org.eclipse.swt.internal.photon;0;0;5;0;0;0;0;5;0;0;0;-1;0;38;0;2;0;0;0;-1;2;-1;0;1;0
org.eclipse.help.ui;0;0;8;0;0;0;1;7;689;0;1;29;689;0;8;6;1;8;8;29;7;29;1;0;0
org.eclipse.core.commands.operations;0;0;10;0;0;0;3;7;5230;0;1;30;5230;0;10;6;3;10;10;30;9;30;1;0;4
org.eclipse.ui.internal.util;0;0;3;0;0;0;0;3;0;0;0;-1;0;0;0;1;0;0;0;-1;1;-1;0;0;0
org.eclipse.pde.internal.ui.build;0;0;7;0;0;0;0;7;0;0;0;-1;0;7;0;4;0;0;0;-1;4;-1;0;2;0
org.eclipse.jdt.internal.launching;0;0;7;0;0;0;1;6;0;0;0;-1;0;43;0;4;0;0;0;-1;4;-1;0;2;4
org.eclipse.pde.internal.ui.wizards.tools;0;0;6;0;0;0;0;6;0;0;0;-1;0;0;0;4;0;0;0;-1;4;-1;0;0;0
org.eclipse.help.ui.internal.util;0;0;3;0;0;0;0;3;0;0;0;-1;0;8;0;1;0;0;0;-1;1;-1;0;2;0
org.eclipse.jdt.core.eval;0;0;3;0;0;0;0;3;0;0;0;-1;0;0;0;1;0;0;0;-1;1;-1;0;0;0
org.eclipse.jface.bindings.keys;2;0;6;2;0;0;1;5;4256;0;1;25;4256;211;6;4;1;6;6;25;5;25;1;2;0
org.eclipse.ui.internal.console;3;0;14;3;0;0;1;13;4499;0;1;5;4499;201;11;11;1;11;11;5;12;5;1;4;0
org.eclipse.ant.internal.ui.antsupport.logger;0;0;7;0;0;0;0;7;0;0;0;-1;0;0;0;5;0;0;0;-1;5;-1;0;0;1
org.eclipse.ui.internal.keys;0;0;3;0;0;0;0;3;0;0;0;-1;0;942;0;1;0;0;0;-1;1;-1;0;2;2
org.eclipse.jdt.internal.corext.refactoring.typeconstraints;0;0;5;0;0;0;1;4;0;0;0;-1;0;46;0;2;0;0;0;-1;2;-1;0;3;0
org.eclipse.jdt.internal.junit.util;0;0;3;0;0;0;1;2;0;0;0;-1;0;19;0;0;0;0;0;-1;0;-1;0;3;1
org.eclipse.jdt.ui.refactoring;0;0;9;0;0;0;1;8;116;0;1;29;116;0;8;6;1;8;8;29;7;29;1;0;0
org.eclipse.jface.window;0;0;11;0;0;0;2;9;4585;0;1;2;4585;14;6;7;2;6;6;2;9;2;1;2;1
org.eclipse.jface.text.reconciler;0;0;4;0;0;0;2;2;0;0;0;-1;0;16;0;0;0;0;0;-1;0;-1;0;1;0
org.eclipse.team.ui.synchronize;0;0;4;0;0;0;0;4;0;0;0;-1;0;281;0;2;0;0;0;-1;2;-1;0;2;0
org.eclipse.team.internal.ccvs.ui.console;0;0;3;0;0;0;0;3;0;0;0;-1;0;0;0;1;0;0;0;-1;1;-1;0;0;0
org.eclipse.pde.internal.core.search;0;0;3;0;0;0;0;3;0;0;0;-1;0;18;0;1;0;0;0;-1;1;-1;0;2;0
org.eclipse.search.ui;0;0;7;0;0;0;2;5;0;0;0;-1;0;12;0;2;1;0;0;-1;3;-1;0;3;0
org.eclipse.jdt.internal.ui.browsing;0;0;8;0;0;0;2;6;0;0;0;-1;0;50;0;4;0;0;0;-1;4;-1;0;2;1
org.eclipse.jface.text.formatter;0;0;4;0;0;0;2;2;0;0;0;-1;0;0;0;0;0;0;0;-1;0;-1;0;0;0
org.eclipse.core.resources.refresh;0;0;2;0;0;0;0;2;0;0;0;-1;0;0;0;1;0;0;0;-1;1;-1;0;0;0
org.eclipse.team.internal.ccvs.ui;0;0;8;0;0;0;1;7;0;0;0;-1;0;6;0;5;1;0;0;-1;6;-1;0;1;12
org.eclipse.team.core.synchronize;0;0;4;0;0;0;1;3;0;0;0;-1;0;0;0;1;0;0;0;-1;1;-1;0;0;0
org.eclipse.ui.internal.part.multiplexer;0;0;4;0;0;0;0;4;0;0;0;-1;0;41;0;3;0;0;0;-1;3;-1;0;2;1
org.eclipse.debug.internal.ui.views.launch;2;0;15;2;0;0;2;13;1782;0;1;4;1782;16;13;12;1;13;13;4;13;4;1;2;3
org.eclipse.update.internal.security;0;0;6;0;0;0;1;5;0;0;0;-1;0;8;0;3;1;0;0;-1;4;-1;0;1;0
org.eclipse.update.internal.ui.servlets;0;0;1;0;0;0;0;1;0;0;0;-1;0;0;0;0;0;0;0;-1;0;-1;0;0;0
org.eclipse.debug.core.sourcelookup;0;0;3;0;0;0;0;3;0;0;0;-1;0;0;0;1;0;0;0;-1;1;-1;0;0;0
org.eclipse.ui.internal.intro;0;0;3;0;0;0;0;3;0;0;0;-1;0;0;0;1;0;0;0;-1;1;-1;0;0;0
org.eclipse.swt.graphics;4;0;16;4;0;0;3;13;10193;0;1;33;10193;372;11;10;3;11;11;33;13;33;1;4;19
org.eclipse.swt.internal.gnome;0;0;3;0;0;0;2;1;0;0;0;-1;0;0;0;0;1;0;0;-1;1;-1;0;0;0
org.eclipse.jface.text.source.projection;0;0;11;0;0;0;4;7;0;0;0;-1;0;0;0;5;3;0;0;-1;8;-1;0;0;0
org.osgi.service.permissionadmin;0;0;3;0;0;0;1;2;0;0;0;-1;0;0;0;1;0;0;0;-1;1;-1;0;0;2
org.eclipse.ui.internal.wizards;0;0;4;0;0;0;0;4;0;0;0;-1;0;10;0;3;0;0;0;-1;3;-1;0;2;0
org.eclipse.pde.internal.core.feature;0;0;9;0;0;0;1;8;1262;0;1;15;1262;0;9;7;1;9;9;15;8;15;1;0;0
org.eclipse.ui.internal.intro.impl.swt;0;0;6;0;0;0;0;6;0;0;0;-1;0;44;0;4;0;0;0;-1;4;-1;0;2;0
org.eclipse.help.internal.util;0;0;2;0;0;0;0;2;0;0;0;-1;0;0;0;0;0;0;0;-1;0;-1;0;0;0
org.eclipse.swt.printing;0;0;4;0;0;0;0;4;0;0;0;-1;0;0;0;2;0;0;0;-1;2;-1;0;0;1
org.eclipse.jdt.internal.debug.ui.console;0;0;5;0;0;0;0;5;0;0;0;-1;0;88;0;2;0;0;0;-1;2;-1;0;2;3
org.eclipse.core.filebuffers;0;0;6;0;0;0;3;3;0;0;0;-1;0;84;0;0;2;0;0;-1;2;-1;0;1;0
org.eclipse.help.internal.standalone;0;0;7;0;0;0;1;6;0;0;0;-1;0;4;0;4;1;0;0;-1;5;-1;0;1;0
org.eclipse.ui.activities;0;0;3;0;0;0;0;3;0;0;0;-1;0;461;0;1;0;0;0;-1;1;-1;0;2;3
org.eclipse.ui.actions;0;0;4;0;0;0;0;4;0;0;0;-1;0;0;0;2;0;0;0;-1;2;-1;0;0;9
org.eclipse.core.filebuffers.manipulation;0;0;6;0;0;0;2;4;0;0;0;-1;0;246;0;2;1;0;0;-1;3;-1;0;2;0
org.eclipse.jdt.internal.corext.refactoring.tagging;0;0;3;0;0;0;1;2;0;0;0;-1;0;10;0;1;0;0;0;-1;1;-1;0;2;1
org.eclipse.ui.internal.cheatsheets.dialogs;0;0;4;0;0;0;2;2;0;0;0;-1;0;0;0;1;2;0;0;-1;3;-1;0;0;0
org.eclipse.jdt.internal.debug.ui.classpath;0;0;3;0;0;0;0;3;0;0;0;-1;0;0;0;1;0;0;0;-1;1;-1;0;0;0
org.eclipse.help.internal.browser.macosx;0;0;2;0;0;0;0;2;0;0;0;-1;0;0;0;0;0;0;0;-1;0;-1;0;0;0
org.eclipse.debug.core.model;0;0;5;0;0;0;0;5;0;0;0;-1;0;32;0;2;0;0;0;-1;2;-1;0;3;2
org.eclipse.jdi.internal.event;0;0;3;0;0;0;0;3;0;0;0;-1;0;0;0;0;0;0;0;-1;0;-1;0;0;0
org.eclipse.ui.internal.ide.model;0;0;4;0;0;0;0;4;0;0;0;-1;0;87;0;1;0;0;0;-1;1;-1;0;3;1
org.eclipse.jdt.core.dom;0;0;6;0;0;0;0;6;0;0;0;-1;0;690;0;3;0;0;0;-1;3;-1;0;5;8
org.eclipse.swt.awt;0;0;8;0;0;0;2;6;164;0;1;30;164;0;6;4;2;6;6;30;6;30;1;0;0
org.eclipse.pde.internal.ui.editor.text;0;0;4;0;0;0;0;4;0;0;0;-1;0;57;0;2;0;0;0;-1;2;-1;0;3;0
org.eclipse.jdt.internal.core.builder;0;0;6;0;0;0;0;6;0;0;0;-1;0;0;0;3;0;0;0;-1;3;-1;0;0;4
org.eclipse.update.internal.ui.wizards;0;0;4;0;0;0;0;4;0;0;0;-1;0;100;0;2;0;0;0;-1;2;-1;0;3;0
org.eclipse.ui.dialogs;0;0;3;0;0;0;0;3;0;0;0;-1;0;15;0;1;0;0;0;-1;1;-1;0;3;6
com.sun.jdi.connect;0;0;2;0;0;0;0;2;0;0;0;-1;0;0;0;0;0;0;0;-1;0;-1;0;0;0
org.eclipse.core.internal.jobs;0;0;7;0;0;0;0;7;0;0;0;-1;0;31;0;5;0;0;0;-1;5;-1;0;1;1
org.eclipse.pde.internal.ui.model.build;0;0;2;0;0;0;0;2;0;0;0;-1;0;0;0;0;0;0;0;-1;0;-1;0;0;0
org.eclipse.update.ui;0;0;6;0;0;0;3;3;579;0;1;38;579;0;6;2;3;6;6;38;5;38;1;0;0
org.eclipse.ui.console;2;0;15;2;0;0;0;15;3588;0;1;5;3588;87;13;13;0;13;13;5;13;5;1;3;0
org.eclipse.swt;0;0;9;0;0;0;1;8;0;0;0;-1;0;0;0;6;0;0;0;-1;6;-1;0;0;1
org.eclipse.jdt.internal.debug.ui.monitors;0;0;7;0;0;0;1;6;0;0;0;-1;0;106;0;4;0;0;0;-1;4;-1;0;4;0
com.sun.jdi.event;0;0;3;0;0;0;0;3;0;0;0;-1;0;16;0;1;0;0;0;-1;1;-1;0;1;0
org.eclipse.pde.core.plugin;0;0;6;0;0;0;1;5;0;0;0;-1;0;6;0;3;1;0;0;-1;4;-1;0;1;0
org.eclipse.jdt.internal.corext.refactoring;0;0;6;0;0;0;1;5;0;0;0;-1;0;86;0;2;0;0;0;-1;2;-1;0;3;4
org.eclipse.jdt.internal.ui.infoviews;4;0;10;4;0;0;4;6;581;0;1;29;581;369;8;4;4;8;8;29;8;29;1;4;0
org.eclipse.jdt.internal.core.util;0;0;5;0;0;0;0;5;0;0;0;-1;0;2796;0;2;0;0;0;-1;2;-1;0;6;14
org.eclipse.jdt.internal.compiler.parser.diagnose;0;0;2;0;0;0;0;2;0;0;0;-1;0;0;0;0;0;0;0;-1;0;-1;0;0;0
org.eclipse.debug.ui.actions;0;0;5;0;0;0;0;5;0;0;0;-1;0;8;0;2;0;0;0;-1;2;-1;0;1;3
org.eclipse.pde.internal.ui.editor.schema;0;0;9;0;0;0;1;8;0;0;0;-1;0;64;0;5;1;0;0;-1;6;-1;0;2;0
org.eclipse.core.internal.commands.util;0;0;3;0;0;0;0;3;0;0;0;-1;0;0;0;2;0;0;0;-1;2;-1;0;0;0
org.eclipse.help.internal;0;0;2;0;0;0;0;2;0;0;0;-1;0;0;0;1;0;0;0;-1;1;-1;0;0;0
org.eclipse.jdt.internal.ui.text.spelling.engine;0;0;5;0;0;0;2;3;0;0;0;-1;0;66;0;1;0;0;0;-1;1;-1;0;3;0
org.eclipse.jdt.core.jdom;0;0;2;0;0;0;0;2;0;0;0;-1;0;16;0;0;0;0;0;-1;0;-1;0;1;0
org.eclipse.ltk.internal.ui.refactoring;0;0;5;0;0;0;1;4;0;0;0;-1;0;119;0;2;0;0;0;-1;2;-1;0;3;0
org.eclipse.jdt.internal.ui.refactoring.sef;0;0;5;0;0;0;0;5;0;0;0;-1;0;0;0;4;0;0;0;-1;4;-1;0;0;0
org.eclipse.ui.forms.events;0;0;4;0;0;0;1;3;0;0;0;-1;0;6;0;1;0;0;0;-1;1;-1;0;1;0
org.eclipse.team.internal.ccvs.ui.tags;0;0;6;0;0;0;1;5;0;0;0;-1;0;456;0;3;0;0;0;-1;3;-1;0;1;0
org.eclipse.jdt.internal.corext.refactoring.participants;0;0;5;0;0;0;0;5;0;0;0;-1;0;0;0;2;0;0;0;-1;2;-1;0;0;0
org.eclipse.core.commands.contexts;2;0;6;2;0;0;0;6;1037;0;1;30;1037;65;6;5;0;6;6;30;5;30;1;3;0
org.eclipse.core.internal.boot;0;0;5;0;0;0;1;4;0;0;0;-1;0;25;0;3;0;0;0;-1;3;-1;0;3;0
org.eclipse.update.internal.ui.security;0;0;3;0;0;0;0;3;0;0;0;-1;0;0;0;1;0;0;0;-1;1;-1;0;0;0
org.eclipse.jface.operation;0;0;6;0;0;0;0;6;0;0;0;-1;0;0;0;3;0;0;0;-1;3;-1;0;0;0
com.sun.jdi.connect.spi;0;0;2;0;0;0;0;2;0;0;0;-1;0;22;0;0;0;0;0;-1;0;-1;0;2;0
org.eclipse.jdt.internal.core.index;0;0;10;0;0;0;0;10;351;0;1;14;351;0;8;8;0;8;8;14;8;14;1;0;0
org.eclipse.jdt.internal.core.jdom;0;0;5;0;0;0;0;5;0;0;0;-1;0;0;0;2;0;0;0;-1;2;-1;0;0;0
org.eclipse.team.internal.ui.dialogs;0;0;5;0;0;0;1;4;0;0;0;-1;0;9;0;2;1;0;0;-1;3;-1;0;1;1
org.eclipse.jdt.internal.ui.text.spelling;0;0;7;0;0;0;2;5;0;0;0;-1;0;128;0;2;0;0;0;-1;2;-1;0;3;2
org.eclipse.search.internal.ui.text;0;0;4;0;0;0;0;4;0;0;0;-1;0;34;0;1;0;0;0;-1;1;-1;0;3;2
org.eclipse.swt.custom;0;0;11;0;0;0;0;11;495;0;1;0;495;217;8;8;0;8;8;0;8;0;1;3;2
org.eclipse.jdt.internal.ui.text.correction;4;0;15;4;0;0;5;10;8318;0;1;20;8318;82;13;8;5;13;13;20;13;20;1;4;26
org.eclipse.pde.internal.build.ant;0;0;5;0;0;0;0;5;0;0;0;-1;0;0;0;3;0;0;0;-1;3;-1;0;0;0
org.eclipse.debug.internal.ui.preferences;0;0;7;0;0;0;0;7;0;0;0;-1;0;0;0;5;0;0;0;-1;5;-1;0;0;0
org.eclipse.pde.internal.core.ischema;0;0;4;0;0;0;0;4;0;0;0;-1;0;89;0;2;0;0;0;-1;2;-1;0;2;0
org.eclipse.ui.internal.presentations.r21;0;0;3;0;0;0;0;3;0;0;0;-1;0;0;0;1;0;0;0;-1;1;-1;0;0;0
org.eclipse.team.internal.ccvs.ui.wizards;2;0;12;2;0;0;0;12;3552;0;1;21;3552;400;7;10;0;7;7;21;10;21;1;2;3
org.eclipse.jdt.internal.junit.launcher;0;0;9;0;0;0;1;8;0;0;0;-1;0;0;0;5;1;0;0;-1;6;-1;0;0;1
org.eclipse.jdt.internal.corext.template.java;0;0;4;0;0;0;1;3;0;0;0;-1;0;116;0;1;0;0;0;-1;1;-1;0;3;0
org.eclipse.osgi.framework.internal.protocol;2;0;7;2;0;0;2;5;117;0;1;32;117;51;7;4;2;7;7;32;6;32;1;2;4
org.eclipse.ui.internal.views.properties;0;0;1;0;0;0;0;1;0;0;0;-1;0;0;0;0;0;0;0;-1;0;-1;0;1;0
org.eclipse.help.ui.internal.views;3;0;9;3;0;0;0;9;8166;0;1;29;8166;224;9;8;0;9;9;29;8;29;1;3;0
org.eclipse.debug.internal.core.sourcelookup;0;0;2;0;0;0;0;2;0;0;0;-1;0;10;0;1;0;0;0;-1;1;-1;0;2;0
org.eclipse.jdt.ui.text.folding;0;0;3;0;0;0;2;1;0;0;0;-1;0;0;0;0;0;0;0;-1;0;-1;0;0;0
org.eclipse.core.internal.filebuffers;2;0;17;2;0;0;2;15;2582;0;1;9;2582;204;17;14;2;17;17;9;16;9;1;2;0
org.eclipse.ui.internal.ide;0;0;4;0;0;0;0;4;0;0;0;-1;0;15;0;1;0;0;0;-1;1;-1;0;3;10
org.eclipse.ui.browser;0;0;2;0;0;0;0;2;0;0;0;-1;0;69;0;1;0;0;0;-1;1;-1;0;2;0
org.eclipse.swt.internal.win32;4;0;16;4;0;0;0;16;1183;0;1;6;1183;213;16;15;0;16;16;6;15;6;1;4;1
org.eclipse.ui;0;0;7;0;0;0;0;7;0;0;0;-1;0;952;0;5;0;0;0;-1;5;-1;0;4;7
org.eclipse.jdt.internal.debug.ui.sourcelookup;0;0;2;0;0;0;0;2;0;0;0;-1;0;88;0;1;0;0;0;-1;1;-1;0;2;0
org.eclipse.team.internal.ccvs.core.resources;0;0;4;0;0;0;0;4;0;0;0;-1;0;96;0;1;0;0;0;-1;1;-1;0;1;2
org.eclipse.jdt.internal.corext.refactoring.util;0;0;5;0;0;0;1;4;0;0;0;-1;0;20;0;2;0;0;0;-1;2;-1;0;2;1
org.eclipse.update.internal.model;0;0;2;0;0;0;0;2;0;0;0;-1;0;0;0;0;0;0;0;-1;0;-1;0;0;0
org.eclipse.ui.internal.cheatsheets.actions;0;0;2;0;0;0;0;2;0;0;0;-1;0;10;0;1;0;0;0;-1;1;-1;0;1;0
org.eclipse.ant.internal.ui.editor.templates;0;0;4;0;0;0;0;4;0;0;0;-1;0;63;0;2;0;0;0;-1;2;-1;0;2;1
org.eclipse.osgi.framework.adaptor.core;2;0;14;2;6;1;6;8;1997;0;1;22;3024;43;8;7;5;8;14;22;12;43;2;2;3
org.eclipse.ui.internal.intro.impl.presentations;0;0;17;0;0;0;7;10;8518;0;1;30;8518;0;15;8;7;15;15;30;15;30;1;0;0
org.eclipse.osgi.framework.console;0;0;3;0;0;0;2;1;0;0;0;-1;0;0;0;0;1;0;0;-1;1;-1;0;0;0
org.eclipse.jdi.internal.connect;0;0;6;0;0;0;0;6;0;0;0;-1;0;0;0;4;0;0;0;-1;4;-1;0;0;0
org.eclipse.pde.internal.builders;1;0;9;1;0;0;0;9;3200;0;1;3;3200;133;7;7;0;7;7;3;7;3;1;2;2
org.eclipse.core.internal.resources.refresh.win32;0;0;4;0;0;0;0;4;0;0;0;-1;0;19;0;2;0;0;0;-1;2;-1;0;1;0
org.eclipse.ui.internal;5;0;12;5;0;0;0;12;12645;0;1;21;12645;7933;9;10;0;9;9;21;10;21;1;6;44
org.osgi.framework;0;0;5;0;0;0;1;4;0;0;0;-1;0;2165;0;3;0;0;0;-1;3;-1;0;2;25
org.eclipse.team.internal.ccvs.core.util;0;0;5;0;0;0;0;5;0;0;0;-1;0;6;0;2;0;0;0;-1;2;-1;0;1;2
org.eclipse.pde.internal.ui.ant;0;0;6;0;0;0;2;4;0;0;0;-1;0;100;0;3;1;0;0;-1;4;-1;0;2;0
org.eclipse.jdt.internal.corext.refactoring.nls;0;0;11;0;0;0;4;7;0;0;0;-1;0;26;0;4;3;0;0;-1;7;-1;0;3;0
org.eclipse.pde.internal.ui.editor;0;0;5;0;0;0;0;5;0;0;0;-1;0;34;0;3;0;0;0;-1;3;-1;0;2;0
org.eclipse.jdt.internal.ui.packageview;2;0;8;2;0;0;1;7;1432;0;1;4;1432;45;7;6;0;7;7;4;6;4;1;3;5
org.eclipse.help.standalone;0;0;1;0;0;0;0;1;0;0;0;-1;0;4;0;0;0;0;0;-1;0;-1;0;1;0
org.eclipse.core.resources;0;0;6;0;0;0;1;5;0;0;0;-1;0;70;0;3;0;0;0;-1;3;-1;0;2;3
org.eclipse.jdt.internal.compiler.batch;0;0;3;0;0;0;1;2;0;0;0;-1;0;8;0;0;0;0;0;-1;0;-1;0;1;7
org.eclipse.debug.internal.ui.views.breakpoints;2;0;18;2;0;0;0;18;3783;0;1;2;3783;184;18;17;0;18;18;2;17;2;1;2;0
org.eclipse.core.runtime.model;0;0;2;0;0;0;0;2;0;0;0;-1;0;16;0;1;0;0;0;-1;1;-1;0;1;0
org.eclipse.osgi.service.environment;0;0;4;0;0;0;2;2;0;0;0;-1;0;0;0;1;1;0;0;-1;2;-1;0;0;0
org.eclipse.osgi.framework.util;0;0;4;0;0;0;1;3;0;0;0;-1;0;0;0;1;0;0;0;-1;1;-1;0;0;2
org.eclipse.ui.externaltools.internal.model;0;0;10;0;0;0;0;10;0;0;0;-1;0;0;0;8;0;0;0;-1;8;-1;0;0;0
org.eclipse.ui.console.actions;0;0;4;0;0;0;0;4;0;0;0;-1;0;24;0;2;0;0;0;-1;2;-1;0;3;0
org.eclipse.pde.ui;0;0;4;0;0;0;0;4;0;0;0;-1;0;6;0;1;0;0;0;-1;1;-1;0;1;0
org.eclipse.help.internal.toc;0;0;4;0;0;0;0;4;0;0;0;-1;0;4;0;2;0;0;0;-1;2;-1;0;1;0
org.eclipse.pde.internal.core.bundle;0;0;9;0;0;0;0;9;0;0;0;-1;0;40;0;7;0;0;0;-1;7;-1;0;2;0
org.eclipse.tomcat.internal;0;0;5;0;0;0;1;4;0;0;0;-1;0;0;0;2;1;0;0;-1;3;-1;0;0;0
org.eclipse.jdt.internal.corext.buildpath;2;0;7;2;0;0;1;6;3934;0;1;28;3934;10;7;5;1;7;7;28;6;28;1;2;0
org.eclipse.ui.internal.presentations;0;0;5;0;0;0;2;3;0;0;0;-1;0;439;0;1;0;0;0;-1;1;-1;0;3;0
org.eclipse.core.resources.ant;0;0;2;0;0;0;0;2;0;0;0;-1;0;28;0;0;0;0;0;-1;0;-1;0;2;0
org.eclipse.ui.model;0;0;3;0;0;0;0;3;0;0;0;-1;0;0;0;1;0;0;0;-1;1;-1;0;0;0
org.eclipse.jdi.hcr;0;0;2;0;0;0;0;2;0;0;0;-1;0;0;0;0;0;0;0;-1;0;-1;0;0;0
org.eclipse.jdt.internal.core.eval;0;0;3;0;0;0;0;3;0;0;0;-1;0;0;0;1;0;0;0;-1;1;-1;0;0;0
org.eclipse.jdt.internal.core.search.processing;0;0;1;0;0;0;0;1;0;0;0;-1;0;0;0;0;0;0;0;-1;0;-1;0;0;0
org.eclipse.debug.internal.ui.views;1;0;10;1;0;0;4;6;454;0;1;35;454;16;8;3;4;8;8;35;7;35;1;2;2
org.eclipse.pde.internal.ui.util;0;0;3;0;0;0;0;3;0;0;0;-1;0;42;0;1;0;0;0;-1;1;-1;0;2;0
org.eclipse.core.runtime.dynamichelpers;0;0;4;0;0;0;2;2;0;0;0;-1;0;107;0;1;2;0;0;-1;3;-1;0;2;0
org.eclipse.jdt.internal.corext.refactoring.code.flow;0;0;6;0;0;0;1;5;0;0;0;-1;0;76;0;2;0;0;0;-1;2;-1;0;2;1
org.eclipse.update.standalone;0;0;5;0;0;0;0;5;0;0;0;-1;0;0;0;3;0;0;0;-1;3;-1;0;0;0
org.eclipse.compare.internal.merge;0;0;3;0;0;0;0;3;0;0;0;-1;0;37;0;1;0;0;0;-1;1;-1;0;1;0
org.eclipse.jdt.internal.debug.ui.snippeteditor;0;0;4;0;0;0;0;4;0;0;0;-1;0;16;0;2;0;0;0;-1;2;-1;0;1;0
org.eclipse.update.configurator;0;0;3;0;0;0;0;3;0;0;0;-1;0;9;0;1;0;0;0;-1;1;-1;0;2;0
org.eclipse.jdt.internal.ui.text.template.contentassist;0;0;7;0;0;0;2;5;0;0;0;-1;0;48;0;2;0;0;0;-1;2;-1;0;2;0
org.eclipse.core.internal.resources;0;0;8;0;0;0;0;8;3140;0;1;5;3140;219;7;6;0;7;7;5;6;5;1;2;14
org.eclipse.debug.internal.ui.views.expression;0;0;7;0;0;0;0;7;0;0;0;-1;0;0;0;5;0;0;0;-1;5;-1;0;0;2
org.eclipse.osgi.internal.resolver;0;0;7;0;0;0;0;7;0;0;0;-1;0;0;0;5;0;0;0;-1;5;-1;0;0;3
org.eclipse.debug.internal.ui.actions.breakpointGroups;3;0;11;3;0;0;0;11;1584;0;1;10;1584;409;11;10;0;11;11;10;10;10;1;3;0
org.eclipse.help.internal.webapp;0;0;4;0;0;0;1;3;0;0;0;-1;0;0;0;1;1;0;0;-1;2;-1;0;0;0
org.eclipse.jface.dialogs;0;0;8;0;0;0;0;8;0;0;0;-1;0;70;0;5;0;0;0;-1;5;-1;0;3;5
org.eclipse.ui.internal.part.services;0;0;4;0;0;0;0;4;0;0;0;-1;0;60;0;3;0;0;0;-1;3;-1;0;2;0
org.eclipse.ui.application;0;0;7;0;0;0;2;5;0;0;0;-1;0;0;0;3;1;0;0;-1;4;-1;0;0;0
org.eclipse.update.search;0;0;5;0;0;0;0;5;0;0;0;-1;0;0;0;3;0;0;0;-1;3;-1;0;0;0
org.eclipse.pde.internal.ui.model.bundle;0;0;4;0;0;0;1;3;0;0;0;-1;0;4;0;2;1;0;0;-1;3;-1;0;1;0
org.eclipse.core.internal.runtime;0;0;6;0;0;0;0;6;0;0;0;-1;0;104;0;3;0;0;0;-1;3;-1;0;2;1
org.eclipse.debug.internal.ui.views.memory.renderings;0;0;5;0;0;0;0;5;0;0;0;-1;0;619;0;4;0;0;0;-1;4;-1;0;4;2
org.eclipse.update.core.model;2;0;7;2;0;0;0;7;649;0;1;17;649;111;7;6;0;7;7;17;6;17;1;2;0
org.eclipse.jface.text.rules;0;0;8;0;0;0;2;6;0;0;0;-1;0;18;0;3;0;0;0;-1;3;-1;0;1;0
org.eclipse.core.runtime.preferences;0;0;3;0;0;0;0;3;0;0;0;-1;0;65;0;1;0;0;0;-1;1;-1;0;2;0
org.eclipse.osgi.framework.internal.defaultadaptor;0;0;7;0;0;0;0;7;1290;0;1;22;1290;0;7;6;0;7;7;22;6;22;1;0;0
org.eclipse.swt.internal.mozilla;0;0;5;0;0;0;1;4;0;0;0;-1;0;3541;0;2;0;0;0;-1;2;-1;0;3;1
org.eclipse.jdt.internal.compiler.codegen;0;0;9;0;0;0;0;9;5580;0;1;16;5580;0;7;7;0;7;7;16;7;16;1;0;16
org.eclipse.ui.internal.operations;0;0;3;0;0;0;3;0;0;0;0;-1;0;0;0;0;2;0;0;-1;2;-1;0;0;0
org.eclipse.team.internal.core.subscribers;0;0;4;0;0;0;0;4;0;0;0;-1;0;0;0;2;0;0;0;-1;2;-1;0;0;0
org.eclipse.ltk.internal.core.refactoring;0;0;6;0;0;0;0;6;0;0;0;-1;0;6;0;3;0;0;0;-1;3;-1;0;1;0
org.eclipse.ltk.core.refactoring;0;0;3;0;0;0;0;3;0;0;0;-1;0;40;0;1;0;0;0;-1;1;-1;0;2;0
org.eclipse.debug.internal.ui.elements.adapters;0;0;3;0;0;0;0;3;0;0;0;-1;0;16;0;2;0;0;0;-1;2;-1;0;2;0
org.eclipse.debug.internal.ui.actions;0;0;6;0;0;0;0;6;0;0;0;-1;0;157;0;4;0;0;0;-1;4;-1;0;4;2
org.eclipse.pde.internal.ui;0;0;8;0;0;0;0;8;0;0;0;-1;0;0;0;6;0;0;0;-1;6;-1;0;0;0
org.eclipse.jdi.internal.request;0;0;3;0;0;0;0;3;0;0;0;-1;0;24;0;1;0;0;0;-1;1;-1;0;1;0
org.eclipse.core.runtime.adaptor;0;0;14;0;0;0;4;10;2143;0;1;34;2143;0;9;7;4;9;9;34;11;34;1;0;4
org.eclipse.jdt.internal.debug.ui.propertypages;0;0;6;0;0;0;0;6;0;0;0;-1;0;8;0;4;0;0;0;-1;4;-1;0;1;0
org.eclipse.team.internal.ccvs.ui.repo;0;0;11;0;0;0;1;10;0;0;0;-1;0;38;0;8;0;0;0;-1;8;-1;0;1;0
org.eclipse.jdt.internal.ui.javaeditor;0;0;7;0;0;0;1;6;0;0;0;-1;0;299;0;3;0;0;0;-1;3;-1;0;4;10
org.eclipse.ltk.core.refactoring.participants;0;0;6;0;0;0;0;6;0;0;0;-1;0;32;0;4;0;0;0;-1;4;-1;0;1;0
org.eclipse.ui.internal.registry;0;0;6;0;0;0;1;5;0;0;0;-1;0;10;0;2;0;0;0;-1;2;-1;0;3;3
org.eclipse.jdt.internal.corext.javadoc;0;0;5;0;0;0;1;4;0;0;0;-1;0;0;0;2;0;0;0;-1;2;-1;0;0;0
org.eclipse.team.internal.ccvs.ui.actions;0;0;11;0;0;0;2;9;379;0;1;8;379;55;6;7;2;6;6;8;9;8;1;2;0
org.eclipse.ui.internal.intro.impl.model.util;0;0;4;0;0;0;4;0;0;0;0;-1;0;0;0;0;3;0;0;-1;3;-1;0;0;0
org.eclipse.jdt.internal.core.search.indexing;0;0;9;0;0;0;0;9;125;0;1;1;125;0;8;7;0;8;8;1;7;1;1;0;0
org.eclipse.debug.internal.ui.launchConfigurations;1;0;12;1;0;0;1;11;821;0;1;32;821;8;6;8;0;6;6;32;8;32;1;1;3
org.eclipse.pde.internal.ui.wizards.feature;0;0;5;0;0;0;0;5;0;0;0;-1;0;6;0;3;0;0;0;-1;3;-1;0;1;0
org.eclipse.jdt.internal.ui.compare;0;0;7;0;0;0;0;7;0;0;0;-1;0;62;0;4;0;0;0;-1;4;-1;0;4;1
org.eclipse.team.internal.ccvs.ssh2;0;0;5;0;0;0;0;5;0;0;0;-1;0;0;0;3;0;0;0;-1;3;-1;0;0;0
org.eclipse.jdt.ui.text.java;0;0;4;0;0;0;2;2;0;0;0;-1;0;316;0;1;0;0;0;-1;1;-1;0;4;1
org.eclipse.help.internal.workingset;0;0;3;0;0;0;0;3;0;0;0;-1;0;26;0;2;0;0;0;-1;2;-1;0;3;0
org.eclipse.ui.internal.intro.impl.html;0;0;5;0;0;0;0;5;0;0;0;-1;0;12;0;2;0;0;0;-1;2;-1;0;2;0
org.eclipse.jdt.internal.junit.refactoring;0;0;4;0;0;0;1;3;0;0;0;-1;0;28;0;2;1;0;0;-1;3;-1;0;1;0
org.eclipse.jdt.internal.formatter.align;0;0;6;0;0;0;1;5;0;0;0;-1;0;0;0;3;1;0;0;-1;4;-1;0;0;0
org.eclipse.jdt.internal.debug.core.breakpoints;0;0;8;0;0;0;1;7;0;0;0;-1;0;135;0;4;1;0;0;-1;5;-1;0;5;0
org.eclipse.jdt.core.compiler;1;0;21;1;0;0;0;21;354;0;1;14;354;10;17;19;0;17;17;14;19;14;1;2;1
org.eclipse.jdt.internal.corext.refactoring.base;0;0;4;0;0;0;1;3;0;0;0;-1;0;0;0;1;1;0;0;-1;2;-1;0;0;0
org.eclipse.help.internal.appserver;0;0;2;0;0;0;0;2;0;0;0;-1;0;17;0;0;0;0;0;-1;0;-1;0;1;0
org.eclipse.ui.internal.intro.impl.model.url;0;0;7;0;7;1;7;0;127;0;0;45;127;0;7;0;6;0;7;45;6;45;1;0;0
org.eclipse.core.internal.watson;0;0;5;0;0;0;0;5;0;0;0;-1;0;8;0;3;0;0;0;-1;3;-1;0;1;0
org.eclipse.jdt.ui.search;0;0;4;0;0;0;1;3;0;0;0;-1;0;0;0;2;0;0;0;-1;2;-1;0;0;0
org.eclipse.ltk.ui.refactoring;0;0;5;0;0;0;1;4;0;0;0;-1;0;0;0;2;0;0;0;-1;2;-1;0;0;0
org.eclipse.ui.handlers;0;0;4;0;0;0;1;3;0;0;0;-1;0;0;0;2;0;0;0;-1;2;-1;0;0;1
org.eclipse.jdt.internal.ui.workingsets;0;0;6;0;0;0;1;5;0;0;0;-1;0;10;0;3;1;0;0;-1;4;-1;0;2;1
org.eclipse.swt.internal;1;0;15;1;0;0;0;15;417;0;1;4;417;36;14;13;0;14;14;4;13;4;1;2;0
org.eclipse.ant.internal.ui.editor;1;0;12;1;0;0;2;10;295;6;2;1;515;30;6;8;2;12;12;1;10;31;2;1;2
org.eclipse.compare;0;0;5;0;0;0;0;5;0;0;0;-1;0;8;0;2;0;0;0;-1;2;-1;0;1;0
org.eclipse.ui.externaltools.internal.ui;0;0;11;0;0;0;0;11;328;0;1;22;328;0;6;9;0;6;6;22;9;22;1;0;1
org.eclipse.jdt.core.util;0;0;4;0;0;0;0;4;0;0;0;-1;0;16;0;1;0;0;0;-1;1;-1;0;1;2
org.eclipse.pde.internal.core;0;0;5;0;0;0;0;5;0;0;0;-1;0;26;0;3;0;0;0;-1;3;-1;0;1;1
org.eclipse.ui.views.tasklist;0;0;3;0;0;0;0;3;0;0;0;-1;0;253;0;1;0;0;0;-1;1;-1;0;4;0
org.eclipse.ui.operations;0;0;11;0;0;0;4;7;2053;0;1;30;2053;0;11;6;4;11;11;30;10;30;1;0;6
org.eclipse.jdt.internal.ui.wizards.buildpaths;0;0;6;0;0;0;1;5;0;0;0;-1;0;351;0;2;0;0;0;-1;2;-1;0;4;6
org.eclipse.ui.internal.browser.macosx;0;0;3;0;0;0;1;2;0;0;0;-1;0;22;0;1;1;0;0;-1;2;-1;0;1;0
org.eclipse.update.internal.ui.parts;0;0;2;0;0;0;0;2;0;0;0;-1;0;10;0;0;0;0;0;-1;0;-1;0;2;0
org.eclipse.help.ui.internal;1;0;11;1;0;0;2;9;706;0;1;29;706;167;7;7;2;7;7;29;9;29;1;2;3
org.eclipse.ui.internal.intro.impl.model.viewer;0;0;8;0;0;0;2;6;60;0;1;30;60;0;7;4;2;7;7;30;6;30;1;0;0
org.eclipse.ui.internal.dnd;0;0;7;0;0;0;2;5;0;0;0;-1;0;838;0;3;1;0;0;-1;4;-1;0;2;1
org.eclipse.ant.internal.ui.views;0;0;5;0;0;0;0;5;0;0;0;-1;0;8;0;3;0;0;0;-1;3;-1;0;1;0
org.eclipse.jface.viewers;0;0;5;0;0;0;1;4;0;0;0;-1;0;1164;0;2;0;0;0;-1;2;-1;0;3;7
org.eclipse.ui.internal.activities.ws;0;0;3;0;0;0;0;3;0;0;0;-1;0;418;0;1;0;0;0;-1;1;-1;0;2;1
org.eclipse.ui.editors.text.templates;0;0;4;0;0;0;2;2;0;0;0;-1;0;43;0;0;0;0;0;-1;0;-1;0;1;0
org.eclipse.ui.internal.themes;1;0;7;1;0;0;0;7;5833;0;1;2;5833;16;6;5;0;6;6;2;5;2;1;1;7
org.eclipse.ant.internal.ui.editor.derived;0;0;2;0;0;0;0;2;0;0;0;-1;0;8;0;0;0;0;0;-1;0;-1;0;1;0
org.eclipse.jdt.ui.text;0;0;6;0;0;0;1;5;0;0;0;-1;0;59;0;3;0;0;0;-1;3;-1;0;2;0
org.eclipse.ui.intro.config;0;0;5;0;0;0;1;4;0;0;0;-1;0;0;0;2;0;0;0;-1;2;-1;0;0;0
org.eclipse.pde.internal.ui.search.dependencies;0;0;6;0;0;0;0;6;0;0;0;-1;0;12;0;4;0;0;0;-1;4;-1;0;2;0
org.eclipse.swt.tools.internal;0;0;4;0;0;0;0;4;0;0;0;-1;0;57;0;1;0;0;0;-1;1;-1;0;2;0
org.eclipse.jdt.internal.debug.ui.actions;0;0;11;0;0;0;0;11;0;0;0;-1;0;432;0;7;0;0;0;-1;7;-1;0;5;7
org.eclipse.update.configuration;0;0;2;0;0;0;0;2;0;0;0;-1;0;6;0;1;0;0;0;-1;1;-1;0;1;0
org.eclipse.team.internal.ccvs.ui.model;0;0;4;0;0;0;0;4;0;0;0;-1;0;0;0;2;0;0;0;-1;2;-1;0;0;0
org.eclipse.jdt.internal.ui.text.comment;0;0;6;0;0;0;1;5;0;0;0;-1;0;0;0;3;1;0;0;-1;4;-1;0;0;0
org.eclipse.jdt.internal.codeassist.complete;0;0;3;0;0;0;0;3;0;0;0;-1;0;64;0;1;0;0;0;-1;1;-1;0;4;1
org.eclipse.swt.internal.gtk;2;0;8;2;0;0;0;8;187;0;1;23;187;22;6;6;0;6;6;23;6;23;1;4;0
org.eclipse.osgi.internal.module;0;0;3;0;0;0;0;3;0;0;0;-1;0;0;0;2;0;0;0;-1;2;-1;0;0;0
org.eclipse.swt.internal.cde;0;0;5;0;0;0;0;5;0;0;0;-1;0;0;0;2;0;0;0;-1;2;-1;0;0;0
org.eclipse.debug.internal.ui.views.variables;0;0;7;0;0;0;1;6;0;0;0;-1;0;0;0;3;0;0;0;-1;3;-1;0;1;6
org.eclipse.pde.internal.ui.model;0;0;4;0;0;0;0;4;0;0;0;-1;0;12;0;2;0;0;0;-1;2;-1;0;2;0
org.eclipse.jdi.internal.jdwp;0;0;5;0;0;0;1;4;0;0;0;-1;0;110;0;1;0;0;0;-1;1;-1;0;2;0
org.eclipse.update.internal.mirror;0;0;3;0;0;0;1;2;0;0;0;-1;0;0;0;1;0;0;0;-1;1;-1;0;0;0
org.eclipse.pde.internal.build.site;0;0;6;0;0;0;0;6;0;0;0;-1;0;27;0;3;0;0;0;-1;3;-1;0;2;0
org.eclipse.jface.internal.text.link.contentassist;0;0;5;0;0;0;2;3;0;0;0;-1;0;122;0;0;0;0;0;-1;0;-1;0;1;0
org.eclipse.help.internal.search.federated;0;0;6;0;0;0;1;5;0;0;0;-1;0;0;0;4;0;0;0;-1;4;-1;0;0;0
org.eclipse.team.internal.ccvs.core.syncinfo;0;0;5;0;0;0;1;4;0;0;0;-1;0;15;0;2;1;0;0;-1;3;-1;0;1;1
org.eclipse.jdt.ui.jarpackager;0;0;6;0;0;0;2;4;0;0;0;-1;0;0;0;2;1;0;0;-1;3;-1;0;0;0
org.eclipse.pde.internal.core.util;0;0;2;0;0;0;0;2;0;0;0;-1;0;0;0;1;0;0;0;-1;1;-1;0;0;0
org.eclipse.jdt.internal.corext.refactoring.reorg;2;0;10;2;0;0;1;9;1239;0;1;21;1239;257;7;7;1;7;7;21;8;21;1;3;2
org.eclipse.help.ui.internal.browser;0;0;8;0;0;0;3;5;682;0;1;35;682;0;7;3;3;7;7;35;6;35;1;0;0
org.eclipse.debug.core.sourcelookup.containers;0;0;6;0;0;0;1;5;0;0;0;-1;0;96;0;2;0;0;0;-1;2;-1;0;2;1
org.eclipse.ui.ide;1;0;9;1;0;0;1;8;448;0;1;33;448;505;6;6;0;6;6;33;6;33;1;1;2
org.eclipse.ant.internal.ui.antsupport;0;0;6;0;0;0;0;6;0;0;0;-1;0;33;0;4;0;0;0;-1;4;-1;0;1;0
org.eclipse.ui.internal.wizards.datatransfer;0;0;5;0;0;0;0;5;0;0;0;-1;0;93;0;4;0;0;0;-1;4;-1;0;3;8
org.eclipse.ui.internal.presentations.r21.widgets;0;0;4;0;0;0;0;4;0;0;0;-1;0;73;0;2;0;0;0;-1;2;-1;0;1;0
org.eclipse.debug.internal.ui.sourcelookup.browsers;0;0;4;0;0;0;0;4;0;0;0;-1;0;18;0;3;0;0;0;-1;3;-1;0;2;4
org.eclipse.ui.internal.handlers;0;0;4;0;0;0;1;3;0;0;0;-1;0;406;0;2;0;0;0;-1;2;-1;0;1;4
org.eclipse.jdt.junit;0;0;2;0;0;0;1;1;0;0;0;-1;0;0;0;0;0;0;0;-1;0;-1;0;0;0
org.eclipse.jdt.internal.debug.eval.ast.instructions;0;0;4;0;0;0;0;4;0;0;0;-1;0;72;0;2;0;0;0;-1;2;-1;0;3;0
org.eclipse.pde.internal.ui.editor.product;3;0;8;3;0;0;0;8;3099;0;1;29;3099;1708;8;7;0;8;8;29;7;29;1;3;0
org.eclipse.jdt.internal.launching.macosx;0;0;4;0;0;0;0;4;0;0;0;-1;0;0;0;1;0;0;0;-1;1;-1;0;0;0
org.eclipse.ant.internal.ui.datatransfer;0;0;4;0;0;0;1;3;0;0;0;-1;0;0;0;1;0;0;0;-1;1;-1;0;0;0
org.eclipse.ui.internal.cheatsheets.registry;0;0;2;0;0;0;0;2;0;0;0;-1;0;0;0;1;0;0;0;-1;1;-1;0;1;0
org.eclipse.help.internal.base;0;0;5;0;0;0;0;5;0;0;0;-1;0;22;0;3;0;0;0;-1;3;-1;0;1;0
org.eclipse.jdt.internal.debug.core.hcr;0;0;4;0;0;0;0;4;0;0;0;-1;0;0;0;1;0;0;0;-1;1;-1;0;0;1
org.eclipse.jface.resource;0;0;4;0;0;0;0;4;0;0;0;-1;0;2225;0;1;0;0;0;-1;1;-1;0;5;1
org.eclipse.team.core.variants;0;0;5;0;0;0;1;4;0;0;0;-1;0;18;0;1;0;0;0;-1;1;-1;0;1;0
org.eclipse.ui.presentations;0;0;3;0;0;0;0;3;0;0;0;-1;0;26;0;1;0;0;0;-1;1;-1;0;1;0
org.eclipse.ant.internal.ui.antsupport.logger.debug;0;0;4;0;0;0;0;4;0;0;0;-1;0;0;0;3;0;0;0;-1;3;-1;0;0;0
org.eclipse.update.internal.ui.views;0;0;9;0;0;0;2;7;0;0;0;-1;0;6;0;5;1;0;0;-1;6;-1;0;1;0
org.eclipse.update.internal.core;0;0;8;0;0;0;0;8;0;0;0;-1;0;38;0;5;0;0;0;-1;5;-1;0;2;0
org.eclipse.ui.internal.presentations.util;0;0;8;0;0;0;2;6;0;0;0;-1;0;391;0;4;1;0;0;-1;5;-1;0;3;3
org.eclipse.jdt.internal.corext.codemanipulation;3;0;20;3;0;0;3;17;5866;0;1;4;5866;52;20;16;3;20;20;4;19;4;1;5;7
org.eclipse.ui.intro;0;0;3;0;0;0;0;3;0;0;0;-1;0;0;0;1;0;0;0;-1;1;-1;0;0;0
org.eclipse.team.core;0;0;4;0;0;0;0;4;0;0;0;-1;0;0;0;2;0;0;0;-1;2;-1;0;0;2
org.eclipse.team.core.subscribers;0;0;4;0;0;0;1;3;0;0;0;-1;0;0;0;2;0;0;0;-1;2;-1;0;0;1
org.eclipse.jdt.internal.corext.refactoring.generics;1;0;15;1;0;0;6;9;3907;0;1;31;3907;0;13;7;6;13;13;31;13;31;1;1;4
org.eclipse.jdt.internal.ui.refactoring.actions;0;0;10;0;0;0;2;8;598;0;1;11;598;0;10;7;2;10;10;11;9;11;1;0;0
org.eclipse.jdt.internal.ui.text.java.hover;2;0;8;2;0;0;2;6;767;0;1;29;767;140;7;4;2;7;7;29;6;29;1;2;0
org.eclipse.ui.internal.editors.text;0;0;9;0;0;0;2;7;0;0;0;-1;0;146;0;5;1;0;0;-1;6;-1;0;4;0
org.eclipse.ui.internal.editors.quickdiff;0;0;7;0;0;0;2;5;0;0;0;-1;0;191;0;3;0;0;0;-1;3;-1;0;2;0
org.eclipse.jdt.internal.debug.core.model;0;0;7;0;0;0;1;6;0;0;0;-1;0;203;0;2;1;0;0;-1;3;-1;0;5;2
org.eclipse.ui.internal.ide.actions;0;0;8;0;0;0;1;7;0;0;0;-1;0;225;0;5;0;0;0;-1;5;-1;0;5;1
org.eclipse.pde.internal.ui.editor.feature;0;0;7;0;0;0;0;7;0;0;0;-1;0;659;0;4;0;0;0;-1;4;-1;0;3;0
org.eclipse.jdt.internal.debug.core.logicalstructures;0;0;5;0;0;0;0;5;0;0;0;-1;0;0;0;2;0;0;0;-1;2;-1;0;0;0
org.eclipse.pde.internal.build;2;0;7;2;0;0;1;6;1204;0;1;24;1204;135;6;4;1;6;6;24;5;24;1;3;0
org.eclipse.compare.internal.patch;0;0;4;0;0;0;1;3;0;0;0;-1;0;0;0;0;0;0;0;-1;0;-1;0;0;3
org.eclipse.pde.internal.build.packager;1;0;8;1;0;0;3;5;807;0;1;32;807;107;7;3;3;7;7;32;6;32;1;1;0
org.eclipse.debug.internal.ui.sourcelookup;0;0;5;0;0;0;0;5;0;0;0;-1;0;26;0;2;0;0;0;-1;2;-1;0;2;1
org.eclipse.pde.internal.ui.wizards.product;2;0;9;2;0;0;3;6;422;0;1;29;422;112;9;5;3;9;9;29;8;29;1;2;0
org.eclipse.jdt.internal.core.search;0;0;4;0;0;0;0;4;0;0;0;-1;0;0;0;2;0;0;0;-1;2;-1;0;0;1
org.eclipse.jdt.debug.core;0;0;4;0;0;0;0;4;0;0;0;-1;0;42;0;2;0;0;0;-1;2;-1;0;2;0
org.eclipse.ui.internal.cheatsheets;0;0;2;0;0;0;0;2;0;0;0;-1;0;0;0;1;0;0;0;-1;1;-1;0;0;0
org.eclipse.ui.internal.decorators;0;0;6;0;0;0;3;3;0;0;0;-1;0;964;0;1;2;0;0;-1;3;-1;0;4;5
org.eclipse.pde.internal.ui.wizards.site;0;0;6;0;0;0;0;6;0;0;0;-1;0;0;0;4;0;0;0;-1;4;-1;0;0;0
org.eclipse.swt.accessibility;0;0;3;0;0;0;0;3;0;0;0;-1;0;20;0;0;0;0;0;-1;0;-1;0;1;1
org.eclipse.osgi.internal.profile;0;0;2;0;0;0;2;0;0;0;0;-1;0;0;0;0;1;0;0;-1;1;-1;0;1;0
org.eclipse.debug.core;1;0;9;1;0;0;0;9;352;0;1;29;352;32;6;6;0;6;6;29;6;29;1;2;2
org.eclipse.jdt.internal.corext.refactoring.surround;0;0;4;0;0;0;1;3;0;0;0;-1;0;0;0;2;0;0;0;-1;2;-1;0;0;0
org.eclipse.ui.internal.contexts;1;0;9;1;0;0;3;6;1296;0;1;31;1296;188;8;4;3;8;8;31;7;31;1;1;0
org.eclipse.ant.internal.core.contentDescriber;0;0;1;0;0;0;1;0;0;0;0;-1;0;0;0;0;0;0;0;-1;0;-1;0;1;0
org.eclipse.ui.internal.about;0;0;3;0;0;0;0;3;0;0;0;-1;0;159;0;1;0;0;0;-1;1;-1;0;3;0
org.eclipse.ui.externaltools.internal.variables;0;0;4;0;0;0;0;4;0;0;0;-1;0;0;0;3;0;0;0;-1;3;-1;0;0;0
org.eclipse.ui.contexts;0;0;5;0;0;0;0;5;0;0;0;-1;0;34;0;3;0;0;0;-1;3;-1;0;2;0
org.eclipse.debug.internal.ui.views.memory;3;0;13;3;0;0;3;10;6664;0;1;33;6664;297;8;7;3;8;8;33;10;33;1;3;8
org.eclipse.pde.internal.junit.runtime;0;0;4;0;0;0;0;4;0;0;0;-1;0;108;0;2;0;0;0;-1;2;-1;0;2;0
org.eclipse.ui.views.properties;0;0;5;0;0;0;1;4;0;0;0;-1;0;622;0;2;0;0;0;-1;2;-1;0;3;0
org.eclipse.team.internal.ccvs.core;0;0;5;0;0;0;0;5;0;0;0;-1;0;0;0;2;0;0;0;-1;2;-1;0;0;6
org.eclipse.jdt.internal.ui.jarpackager;0;0;6;0;0;0;1;5;0;0;0;-1;0;0;0;2;0;0;0;-1;2;-1;0;0;0
org.eclipse.jface.bindings;1;0;7;1;0;0;0;7;4975;0;1;25;4975;60;7;6;0;7;7;25;6;25;1;1;1
org.eclipse.jdt.internal.ui.text.java;0;0;7;0;0;0;1;6;0;0;0;-1;0;119;0;3;1;0;0;-1;4;-1;0;3;13
org.eclipse.core.internal.events;0;0;7;0;0;0;0;7;0;0;0;-1;0;336;0;5;0;0;0;-1;5;-1;0;2;2
org.eclipse.jdt.internal.corext.textmanipulation;0;0;5;0;0;0;1;4;0;0;0;-1;0;0;0;1;1;0;0;-1;2;-1;0;0;0
org.eclipse.jface.text.presentation;0;0;4;0;0;0;2;2;0;0;0;-1;0;0;0;1;0;0;0;-1;1;-1;0;0;0
org.eclipse.ant.internal.ui.editor.outline;0;0;6;0;0;0;0;6;0;0;0;-1;0;32;0;4;0;0;0;-1;4;-1;0;2;0
org.eclipse.jdt.internal.compiler.parser;3;0;21;3;0;0;2;19;5684;0;1;10;5684;681;18;17;2;18;18;10;19;10;1;4;15
org.eclipse.jface.text.projection;0;0;5;0;0;0;2;3;0;0;0;-1;0;0;0;0;0;0;0;-1;0;-1;0;0;0
org.eclipse.help.internal.browser;0;0;3;0;0;0;0;3;0;0;0;-1;0;18;0;1;0;0;0;-1;1;-1;0;2;0
